<?xml version="1.0" encoding="UTF-8"?>
<gpx version="1.1" creator="RUNPOD" xmlns="http://www.topografix.com/GPX/1/1">
  <trk>
    <name>RUNPOD Simulated Run</name>
    <trkseg>
      <trkpt lat="12.971618" lon="77.594618">
        <time>2026-08-27T10:23:33Z</time>
      </trkpt>
      <trkpt lat="12.971638" lon="77.594639">
        <time>2026-08-27T10:23:34Z</time>
      </trkpt>
      <trkpt lat="12.971658" lon="77.594660">
        <time>2026-08-27T10:23:35Z</time>
      </trkpt>
      <trkpt lat="12.971677" lon="77.594679">
        <time>2026-08-27T10:23:36Z</time>
      </trkpt>
      <trkpt lat="12.971696" lon="77.594698">
        <time>2026-08-27T10:23:37Z</time>
      </trkpt>
      <trkpt lat="12.971715" lon="77.594718">
        <time>2026-08-27T10:23:38Z</time>
      </trkpt>
      <trkpt lat="12.971735" lon="77.594739">
        <time>2026-08-27T10:23:39Z</time>
      </trkpt>
      <trkpt lat="12.971756" lon="77.594760">
        <time>2026-08-27T10:23:40Z</time>
      </trkpt>
      <trkpt lat="12.971774" lon="77.594778">
        <time>2026-08-27T10:23:41Z</time>
      </trkpt>
      <trkpt lat="12.971794" lon="77.594799">
        <time>2026-08-27T10:23:42Z</time>
      </trkpt>
      <trkpt lat="12.971813" lon="77.594818">
        <time>2026-08-27T10:23:43Z</time>
      </trkpt>
      <trkpt lat="12.971833" lon="77.594839">
        <time>2026-08-27T10:23:44Z</time>
      </trkpt>
      <trkpt lat="12.971853" lon="77.594859">
        <time>2026-08-27T10:23:45Z</time>
      </trkpt>
      <trkpt lat="12.971872" lon="77.594879">
        <time>2026-08-27T10:23:46Z</time>
      </trkpt>
      <trkpt lat="12.971892" lon="77.594899">
        <time>2026-08-27T10:23:47Z</time>
      </trkpt>
      <trkpt lat="12.971909" lon="77.594918">
        <time>2026-08-27T10:23:48Z</time>
      </trkpt>
      <trkpt lat="12.971930" lon="77.594939">
        <time>2026-08-27T10:23:49Z</time>
      </trkpt>
      <trkpt lat="12.971950" lon="77.594960">
        <time>2026-08-27T10:23:50Z</time>
      </trkpt>
      <trkpt lat="12.971969" lon="77.594978">
        <time>2026-08-27T10:23:51Z</time>
      </trkpt>
      <trkpt lat="12.971988" lon="77.594998">
        <time>2026-08-27T10:23:52Z</time>
      </trkpt>
      <trkpt lat="12.972008" lon="77.595019">
        <time>2026-08-27T10:23:53Z</time>
      </trkpt>
      <trkpt lat="12.972029" lon="77.595040">
        <time>2026-08-27T10:23:54Z</time>
      </trkpt>
      <trkpt lat="12.972048" lon="77.595060">
        <time>2026-08-27T10:23:55Z</time>
      </trkpt>
      <trkpt lat="12.972069" lon="77.595081">
        <time>2026-08-27T10:23:56Z</time>
      </trkpt>
      <trkpt lat="12.972089" lon="77.595102">
        <time>2026-08-27T10:23:57Z</time>
      </trkpt>
      <trkpt lat="12.972108" lon="77.595121">
        <time>2026-08-27T10:23:58Z</time>
      </trkpt>
      <trkpt lat="12.972128" lon="77.595142">
        <time>2026-08-27T10:23:59Z</time>
      </trkpt>
      <trkpt lat="12.972147" lon="77.595161">
        <time>2026-08-27T10:24:00Z</time>
      </trkpt>
      <trkpt lat="12.972165" lon="77.595180">
        <time>2026-08-27T10:24:01Z</time>
      </trkpt>
      <trkpt lat="12.972184" lon="77.595200">
        <time>2026-08-27T10:24:02Z</time>
      </trkpt>
      <trkpt lat="12.972203" lon="77.595219">
        <time>2026-08-27T10:24:03Z</time>
      </trkpt>
      <trkpt lat="12.972221" lon="77.595238">
        <time>2026-08-27T10:24:04Z</time>
      </trkpt>
      <trkpt lat="12.972241" lon="77.595257">
        <time>2026-08-27T10:24:05Z</time>
      </trkpt>
      <trkpt lat="12.972260" lon="77.595278">
        <time>2026-08-27T10:24:06Z</time>
      </trkpt>
      <trkpt lat="12.972278" lon="77.595296">
        <time>2026-08-27T10:24:07Z</time>
      </trkpt>
      <trkpt lat="12.972296" lon="77.595315">
        <time>2026-08-27T10:24:08Z</time>
      </trkpt>
      <trkpt lat="12.972317" lon="77.595336">
        <time>2026-08-27T10:24:09Z</time>
      </trkpt>
      <trkpt lat="12.972337" lon="77.595356">
        <time>2026-08-27T10:24:10Z</time>
      </trkpt>
      <trkpt lat="12.972357" lon="77.595377">
        <time>2026-08-27T10:24:11Z</time>
      </trkpt>
      <trkpt lat="12.972376" lon="77.595397">
        <time>2026-08-27T10:24:12Z</time>
      </trkpt>
      <trkpt lat="12.972395" lon="77.595415">
        <time>2026-08-27T10:24:13Z</time>
      </trkpt>
      <trkpt lat="12.972414" lon="77.595435">
        <time>2026-08-27T10:24:14Z</time>
      </trkpt>
      <trkpt lat="12.972433" lon="77.595455">
        <time>2026-08-27T10:24:15Z</time>
      </trkpt>
      <trkpt lat="12.972452" lon="77.595474">
        <time>2026-08-27T10:24:16Z</time>
      </trkpt>
      <trkpt lat="12.972470" lon="77.595493">
        <time>2026-08-27T10:24:17Z</time>
      </trkpt>
      <trkpt lat="12.972491" lon="77.595514">
        <time>2026-08-27T10:24:18Z</time>
      </trkpt>
      <trkpt lat="12.972510" lon="77.595533">
        <time>2026-08-27T10:24:19Z</time>
      </trkpt>
      <trkpt lat="12.972530" lon="77.595554">
        <time>2026-08-27T10:24:20Z</time>
      </trkpt>
      <trkpt lat="12.972548" lon="77.595572">
        <time>2026-08-27T10:24:21Z</time>
      </trkpt>
      <trkpt lat="12.972567" lon="77.595593">
        <time>2026-08-27T10:24:22Z</time>
      </trkpt>
      <trkpt lat="12.972586" lon="77.595612">
        <time>2026-08-27T10:24:23Z</time>
      </trkpt>
      <trkpt lat="12.972605" lon="77.595631">
        <time>2026-08-27T10:24:24Z</time>
      </trkpt>
      <trkpt lat="12.972625" lon="77.595652">
        <time>2026-08-27T10:24:25Z</time>
      </trkpt>
      <trkpt lat="12.972644" lon="77.595672">
        <time>2026-08-27T10:24:26Z</time>
      </trkpt>
      <trkpt lat="12.972663" lon="77.595691">
        <time>2026-08-27T10:24:27Z</time>
      </trkpt>
      <trkpt lat="12.972683" lon="77.595711">
        <time>2026-08-27T10:24:28Z</time>
      </trkpt>
      <trkpt lat="12.972701" lon="77.595730">
        <time>2026-08-27T10:24:29Z</time>
      </trkpt>
      <trkpt lat="12.972720" lon="77.595750">
        <time>2026-08-27T10:24:30Z</time>
      </trkpt>
      <trkpt lat="12.972739" lon="77.595769">
        <time>2026-08-27T10:24:31Z</time>
      </trkpt>
      <trkpt lat="12.972758" lon="77.595788">
        <time>2026-08-27T10:24:32Z</time>
      </trkpt>
      <trkpt lat="12.972777" lon="77.595808">
        <time>2026-08-27T10:24:33Z</time>
      </trkpt>
      <trkpt lat="12.972796" lon="77.595828">
        <time>2026-08-27T10:24:34Z</time>
      </trkpt>
      <trkpt lat="12.972817" lon="77.595849">
        <time>2026-08-27T10:24:35Z</time>
      </trkpt>
      <trkpt lat="12.972835" lon="77.595868">
        <time>2026-08-27T10:24:36Z</time>
      </trkpt>
      <trkpt lat="12.972854" lon="77.595886">
        <time>2026-08-27T10:24:37Z</time>
      </trkpt>
      <trkpt lat="12.972873" lon="77.595906">
        <time>2026-08-27T10:24:38Z</time>
      </trkpt>
      <trkpt lat="12.972893" lon="77.595927">
        <time>2026-08-27T10:24:39Z</time>
      </trkpt>
      <trkpt lat="12.972913" lon="77.595947">
        <time>2026-08-27T10:24:40Z</time>
      </trkpt>
      <trkpt lat="12.972933" lon="77.595968">
        <time>2026-08-27T10:24:41Z</time>
      </trkpt>
      <trkpt lat="12.972952" lon="77.595988">
        <time>2026-08-27T10:24:42Z</time>
      </trkpt>
      <trkpt lat="12.972973" lon="77.596009">
        <time>2026-08-27T10:24:43Z</time>
      </trkpt>
      <trkpt lat="12.972992" lon="77.596029">
        <time>2026-08-27T10:24:44Z</time>
      </trkpt>
      <trkpt lat="12.973011" lon="77.596047">
        <time>2026-08-27T10:24:45Z</time>
      </trkpt>
      <trkpt lat="12.973031" lon="77.596068">
        <time>2026-08-27T10:24:46Z</time>
      </trkpt>
      <trkpt lat="12.973051" lon="77.596089">
        <time>2026-08-27T10:24:47Z</time>
      </trkpt>
      <trkpt lat="12.973070" lon="77.596108">
        <time>2026-08-27T10:24:48Z</time>
      </trkpt>
      <trkpt lat="12.973089" lon="77.596127">
        <time>2026-08-27T10:24:49Z</time>
      </trkpt>
      <trkpt lat="12.973107" lon="77.596147">
        <time>2026-08-27T10:24:50Z</time>
      </trkpt>
      <trkpt lat="12.973127" lon="77.596167">
        <time>2026-08-27T10:24:51Z</time>
      </trkpt>
      <trkpt lat="12.973147" lon="77.596187">
        <time>2026-08-27T10:24:52Z</time>
      </trkpt>
      <trkpt lat="12.973166" lon="77.596207">
        <time>2026-08-27T10:24:53Z</time>
      </trkpt>
      <trkpt lat="12.973184" lon="77.596225">
        <time>2026-08-27T10:24:54Z</time>
      </trkpt>
      <trkpt lat="12.973204" lon="77.596246">
        <time>2026-08-27T10:24:55Z</time>
      </trkpt>
      <trkpt lat="12.973223" lon="77.596265">
        <time>2026-08-27T10:24:56Z</time>
      </trkpt>
      <trkpt lat="12.973241" lon="77.596284">
        <time>2026-08-27T10:24:57Z</time>
      </trkpt>
      <trkpt lat="12.973259" lon="77.596303">
        <time>2026-08-27T10:24:58Z</time>
      </trkpt>
      <trkpt lat="12.973278" lon="77.596322">
        <time>2026-08-27T10:24:59Z</time>
      </trkpt>
      <trkpt lat="12.973298" lon="77.596342">
        <time>2026-08-27T10:25:00Z</time>
      </trkpt>
      <trkpt lat="12.973316" lon="77.596361">
        <time>2026-08-27T10:25:01Z</time>
      </trkpt>
      <trkpt lat="12.973335" lon="77.596381">
        <time>2026-08-27T10:25:02Z</time>
      </trkpt>
      <trkpt lat="12.973355" lon="77.596401">
        <time>2026-08-27T10:25:03Z</time>
      </trkpt>
      <trkpt lat="12.973375" lon="77.596421">
        <time>2026-08-27T10:25:04Z</time>
      </trkpt>
      <trkpt lat="12.973393" lon="77.596440">
        <time>2026-08-27T10:25:05Z</time>
      </trkpt>
      <trkpt lat="12.973411" lon="77.596459">
        <time>2026-08-27T10:25:06Z</time>
      </trkpt>
      <trkpt lat="12.973429" lon="77.596477">
        <time>2026-08-27T10:25:07Z</time>
      </trkpt>
      <trkpt lat="12.973447" lon="77.596496">
        <time>2026-08-27T10:25:08Z</time>
      </trkpt>
      <trkpt lat="12.973467" lon="77.596516">
        <time>2026-08-27T10:25:09Z</time>
      </trkpt>
      <trkpt lat="12.973487" lon="77.596536">
        <time>2026-08-27T10:25:10Z</time>
      </trkpt>
      <trkpt lat="12.973505" lon="77.596555">
        <time>2026-08-27T10:25:11Z</time>
      </trkpt>
      <trkpt lat="12.973525" lon="77.596575">
        <time>2026-08-27T10:25:12Z</time>
      </trkpt>
      <trkpt lat="12.973545" lon="77.596596">
        <time>2026-08-27T10:25:13Z</time>
      </trkpt>
      <trkpt lat="12.973563" lon="77.596614">
        <time>2026-08-27T10:25:14Z</time>
      </trkpt>
      <trkpt lat="12.973582" lon="77.596634">
        <time>2026-08-27T10:25:15Z</time>
      </trkpt>
      <trkpt lat="12.973601" lon="77.596653">
        <time>2026-08-27T10:25:16Z</time>
      </trkpt>
      <trkpt lat="12.973621" lon="77.596674">
        <time>2026-08-27T10:25:17Z</time>
      </trkpt>
      <trkpt lat="12.973641" lon="77.596695">
        <time>2026-08-27T10:25:18Z</time>
      </trkpt>
      <trkpt lat="12.973662" lon="77.596716">
        <time>2026-08-27T10:25:19Z</time>
      </trkpt>
      <trkpt lat="12.973682" lon="77.596737">
        <time>2026-08-27T10:25:20Z</time>
      </trkpt>
      <trkpt lat="12.973703" lon="77.596758">
        <time>2026-08-27T10:25:21Z</time>
      </trkpt>
      <trkpt lat="12.973724" lon="77.596779">
        <time>2026-08-27T10:25:22Z</time>
      </trkpt>
      <trkpt lat="12.973744" lon="77.596800">
        <time>2026-08-27T10:25:23Z</time>
      </trkpt>
      <trkpt lat="12.973762" lon="77.596818">
        <time>2026-08-27T10:25:24Z</time>
      </trkpt>
      <trkpt lat="12.973781" lon="77.596839">
        <time>2026-08-27T10:25:25Z</time>
      </trkpt>
      <trkpt lat="12.973799" lon="77.596857">
        <time>2026-08-27T10:25:26Z</time>
      </trkpt>
      <trkpt lat="12.973820" lon="77.596878">
        <time>2026-08-27T10:25:27Z</time>
      </trkpt>
      <trkpt lat="12.973839" lon="77.596898">
        <time>2026-08-27T10:25:28Z</time>
      </trkpt>
      <trkpt lat="12.973859" lon="77.596918">
        <time>2026-08-27T10:25:29Z</time>
      </trkpt>
      <trkpt lat="12.973878" lon="77.596938">
        <time>2026-08-27T10:25:30Z</time>
      </trkpt>
      <trkpt lat="12.973897" lon="77.596957">
        <time>2026-08-27T10:25:31Z</time>
      </trkpt>
      <trkpt lat="12.973917" lon="77.596977">
        <time>2026-08-27T10:25:32Z</time>
      </trkpt>
      <trkpt lat="12.973936" lon="77.596997">
        <time>2026-08-27T10:25:33Z</time>
      </trkpt>
      <trkpt lat="12.973956" lon="77.597017">
        <time>2026-08-27T10:25:34Z</time>
      </trkpt>
      <trkpt lat="12.973974" lon="77.597036">
        <time>2026-08-27T10:25:35Z</time>
      </trkpt>
      <trkpt lat="12.973992" lon="77.597054">
        <time>2026-08-27T10:25:36Z</time>
      </trkpt>
      <trkpt lat="12.974011" lon="77.597074">
        <time>2026-08-27T10:25:37Z</time>
      </trkpt>
      <trkpt lat="12.974031" lon="77.597095">
        <time>2026-08-27T10:25:38Z</time>
      </trkpt>
      <trkpt lat="12.974051" lon="77.597116">
        <time>2026-08-27T10:25:39Z</time>
      </trkpt>
      <trkpt lat="12.974069" lon="77.597134">
        <time>2026-08-27T10:25:40Z</time>
      </trkpt>
      <trkpt lat="12.974088" lon="77.597153">
        <time>2026-08-27T10:25:41Z</time>
      </trkpt>
      <trkpt lat="12.974107" lon="77.597172">
        <time>2026-08-27T10:25:42Z</time>
      </trkpt>
      <trkpt lat="12.974125" lon="77.597191">
        <time>2026-08-27T10:25:43Z</time>
      </trkpt>
      <trkpt lat="12.974143" lon="77.597209">
        <time>2026-08-27T10:25:44Z</time>
      </trkpt>
      <trkpt lat="12.974161" lon="77.597228">
        <time>2026-08-27T10:25:45Z</time>
      </trkpt>
      <trkpt lat="12.974181" lon="77.597248">
        <time>2026-08-27T10:25:46Z</time>
      </trkpt>
      <trkpt lat="12.974201" lon="77.597269">
        <time>2026-08-27T10:25:47Z</time>
      </trkpt>
      <trkpt lat="12.974221" lon="77.597289">
        <time>2026-08-27T10:25:48Z</time>
      </trkpt>
      <trkpt lat="12.974239" lon="77.597308">
        <time>2026-08-27T10:25:49Z</time>
      </trkpt>
      <trkpt lat="12.974258" lon="77.597328">
        <time>2026-08-27T10:25:50Z</time>
      </trkpt>
      <trkpt lat="12.974279" lon="77.597349">
        <time>2026-08-27T10:25:51Z</time>
      </trkpt>
      <trkpt lat="12.974298" lon="77.597369">
        <time>2026-08-27T10:25:52Z</time>
      </trkpt>
      <trkpt lat="12.974317" lon="77.597388">
        <time>2026-08-27T10:25:53Z</time>
      </trkpt>
      <trkpt lat="12.974338" lon="77.597410">
        <time>2026-08-27T10:25:54Z</time>
      </trkpt>
      <trkpt lat="12.974357" lon="77.597430">
        <time>2026-08-27T10:25:55Z</time>
      </trkpt>
      <trkpt lat="12.974377" lon="77.597450">
        <time>2026-08-27T10:25:56Z</time>
      </trkpt>
      <trkpt lat="12.974398" lon="77.597471">
        <time>2026-08-27T10:25:57Z</time>
      </trkpt>
      <trkpt lat="12.974416" lon="77.597490">
        <time>2026-08-27T10:25:58Z</time>
      </trkpt>
      <trkpt lat="12.974436" lon="77.597510">
        <time>2026-08-27T10:25:59Z</time>
      </trkpt>
      <trkpt lat="12.974456" lon="77.597530">
        <time>2026-08-27T10:26:00Z</time>
      </trkpt>
      <trkpt lat="12.974474" lon="77.597549">
        <time>2026-08-27T10:26:01Z</time>
      </trkpt>
      <trkpt lat="12.974494" lon="77.597570">
        <time>2026-08-27T10:26:02Z</time>
      </trkpt>
      <trkpt lat="12.974513" lon="77.597589">
        <time>2026-08-27T10:26:03Z</time>
      </trkpt>
      <trkpt lat="12.974531" lon="77.597608">
        <time>2026-08-27T10:26:04Z</time>
      </trkpt>
      <trkpt lat="12.974549" lon="77.597626">
        <time>2026-08-27T10:26:05Z</time>
      </trkpt>
      <trkpt lat="12.974569" lon="77.597647">
        <time>2026-08-27T10:26:06Z</time>
      </trkpt>
      <trkpt lat="12.974589" lon="77.597667">
        <time>2026-08-27T10:26:07Z</time>
      </trkpt>
      <trkpt lat="12.974609" lon="77.597688">
        <time>2026-08-27T10:26:08Z</time>
      </trkpt>
      <trkpt lat="12.974629" lon="77.597709">
        <time>2026-08-27T10:26:09Z</time>
      </trkpt>
      <trkpt lat="12.974649" lon="77.597729">
        <time>2026-08-27T10:26:10Z</time>
      </trkpt>
      <trkpt lat="12.974668" lon="77.597748">
        <time>2026-08-27T10:26:11Z</time>
      </trkpt>
      <trkpt lat="12.974688" lon="77.597769">
        <time>2026-08-27T10:26:12Z</time>
      </trkpt>
      <trkpt lat="12.974707" lon="77.597789">
        <time>2026-08-27T10:26:13Z</time>
      </trkpt>
      <trkpt lat="12.974725" lon="77.597807">
        <time>2026-08-27T10:26:14Z</time>
      </trkpt>
      <trkpt lat="12.974744" lon="77.597826">
        <time>2026-08-27T10:26:15Z</time>
      </trkpt>
      <trkpt lat="12.974764" lon="77.597847">
        <time>2026-08-27T10:26:16Z</time>
      </trkpt>
      <trkpt lat="12.974785" lon="77.597868">
        <time>2026-08-27T10:26:17Z</time>
      </trkpt>
      <trkpt lat="12.974803" lon="77.597887">
        <time>2026-08-27T10:26:18Z</time>
      </trkpt>
      <trkpt lat="12.974821" lon="77.597905">
        <time>2026-08-27T10:26:19Z</time>
      </trkpt>
      <trkpt lat="12.974839" lon="77.597924">
        <time>2026-08-27T10:26:20Z</time>
      </trkpt>
      <trkpt lat="12.974860" lon="77.597945">
        <time>2026-08-27T10:26:21Z</time>
      </trkpt>
      <trkpt lat="12.974877" lon="77.597963">
        <time>2026-08-27T10:26:22Z</time>
      </trkpt>
      <trkpt lat="12.974898" lon="77.597984">
        <time>2026-08-27T10:26:23Z</time>
      </trkpt>
      <trkpt lat="12.974918" lon="77.598005">
        <time>2026-08-27T10:26:24Z</time>
      </trkpt>
      <trkpt lat="12.974936" lon="77.598023">
        <time>2026-08-27T10:26:25Z</time>
      </trkpt>
      <trkpt lat="12.974955" lon="77.598042">
        <time>2026-08-27T10:26:26Z</time>
      </trkpt>
      <trkpt lat="12.974973" lon="77.598062">
        <time>2026-08-27T10:26:27Z</time>
      </trkpt>
      <trkpt lat="12.974993" lon="77.598082">
        <time>2026-08-27T10:26:28Z</time>
      </trkpt>
      <trkpt lat="12.975011" lon="77.598101">
        <time>2026-08-27T10:26:29Z</time>
      </trkpt>
      <trkpt lat="12.975031" lon="77.598121">
        <time>2026-08-27T10:26:30Z</time>
      </trkpt>
      <trkpt lat="12.975052" lon="77.598142">
        <time>2026-08-27T10:26:31Z</time>
      </trkpt>
      <trkpt lat="12.975071" lon="77.598162">
        <time>2026-08-27T10:26:32Z</time>
      </trkpt>
      <trkpt lat="12.975089" lon="77.598181">
        <time>2026-08-27T10:26:33Z</time>
      </trkpt>
      <trkpt lat="12.975109" lon="77.598200">
        <time>2026-08-27T10:26:34Z</time>
      </trkpt>
      <trkpt lat="12.975127" lon="77.598220">
        <time>2026-08-27T10:26:35Z</time>
      </trkpt>
      <trkpt lat="12.975147" lon="77.598240">
        <time>2026-08-27T10:26:36Z</time>
      </trkpt>
      <trkpt lat="12.975165" lon="77.598259">
        <time>2026-08-27T10:26:37Z</time>
      </trkpt>
      <trkpt lat="12.975185" lon="77.598279">
        <time>2026-08-27T10:26:38Z</time>
      </trkpt>
      <trkpt lat="12.975205" lon="77.598299">
        <time>2026-08-27T10:26:39Z</time>
      </trkpt>
      <trkpt lat="12.975224" lon="77.598319">
        <time>2026-08-27T10:26:40Z</time>
      </trkpt>
      <trkpt lat="12.975242" lon="77.598338">
        <time>2026-08-27T10:26:41Z</time>
      </trkpt>
      <trkpt lat="12.975263" lon="77.598359">
        <time>2026-08-27T10:26:42Z</time>
      </trkpt>
      <trkpt lat="12.975282" lon="77.598378">
        <time>2026-08-27T10:26:43Z</time>
      </trkpt>
      <trkpt lat="12.975302" lon="77.598399">
        <time>2026-08-27T10:26:44Z</time>
      </trkpt>
      <trkpt lat="12.975321" lon="77.598419">
        <time>2026-08-27T10:26:45Z</time>
      </trkpt>
      <trkpt lat="12.975341" lon="77.598439">
        <time>2026-08-27T10:26:46Z</time>
      </trkpt>
      <trkpt lat="12.975358" lon="77.598457">
        <time>2026-08-27T10:26:47Z</time>
      </trkpt>
      <trkpt lat="12.975377" lon="77.598476">
        <time>2026-08-27T10:26:48Z</time>
      </trkpt>
      <trkpt lat="12.975397" lon="77.598497">
        <time>2026-08-27T10:26:49Z</time>
      </trkpt>
      <trkpt lat="12.975416" lon="77.598516">
        <time>2026-08-27T10:26:50Z</time>
      </trkpt>
      <trkpt lat="12.975435" lon="77.598536">
        <time>2026-08-27T10:26:51Z</time>
      </trkpt>
      <trkpt lat="12.975455" lon="77.598556">
        <time>2026-08-27T10:26:52Z</time>
      </trkpt>
      <trkpt lat="12.975476" lon="77.598577">
        <time>2026-08-27T10:26:53Z</time>
      </trkpt>
      <trkpt lat="12.975495" lon="77.598597">
        <time>2026-08-27T10:26:54Z</time>
      </trkpt>
      <trkpt lat="12.975514" lon="77.598616">
        <time>2026-08-27T10:26:55Z</time>
      </trkpt>
      <trkpt lat="12.975533" lon="77.598636">
        <time>2026-08-27T10:26:56Z</time>
      </trkpt>
      <trkpt lat="12.975552" lon="77.598656">
        <time>2026-08-27T10:26:57Z</time>
      </trkpt>
      <trkpt lat="12.975571" lon="77.598675">
        <time>2026-08-27T10:26:58Z</time>
      </trkpt>
      <trkpt lat="12.975591" lon="77.598696">
        <time>2026-08-27T10:26:59Z</time>
      </trkpt>
      <trkpt lat="12.975611" lon="77.598716">
        <time>2026-08-27T10:27:00Z</time>
      </trkpt>
      <trkpt lat="12.975629" lon="77.598735">
        <time>2026-08-27T10:27:01Z</time>
      </trkpt>
      <trkpt lat="12.975649" lon="77.598755">
        <time>2026-08-27T10:27:02Z</time>
      </trkpt>
      <trkpt lat="12.975668" lon="77.598775">
        <time>2026-08-27T10:27:03Z</time>
      </trkpt>
      <trkpt lat="12.975689" lon="77.598796">
        <time>2026-08-27T10:27:04Z</time>
      </trkpt>
      <trkpt lat="12.975707" lon="77.598815">
        <time>2026-08-27T10:27:05Z</time>
      </trkpt>
      <trkpt lat="12.975727" lon="77.598835">
        <time>2026-08-27T10:27:06Z</time>
      </trkpt>
      <trkpt lat="12.975746" lon="77.598855">
        <time>2026-08-27T10:27:07Z</time>
      </trkpt>
      <trkpt lat="12.975767" lon="77.598876">
        <time>2026-08-27T10:27:08Z</time>
      </trkpt>
      <trkpt lat="12.975786" lon="77.598896">
        <time>2026-08-27T10:27:09Z</time>
      </trkpt>
      <trkpt lat="12.975805" lon="77.598915">
        <time>2026-08-27T10:27:10Z</time>
      </trkpt>
      <trkpt lat="12.975824" lon="77.598934">
        <time>2026-08-27T10:27:11Z</time>
      </trkpt>
      <trkpt lat="12.975844" lon="77.598955">
        <time>2026-08-27T10:27:12Z</time>
      </trkpt>
      <trkpt lat="12.975864" lon="77.598975">
        <time>2026-08-27T10:27:13Z</time>
      </trkpt>
      <trkpt lat="12.975882" lon="77.598994">
        <time>2026-08-27T10:27:14Z</time>
      </trkpt>
      <trkpt lat="12.975900" lon="77.599012">
        <time>2026-08-27T10:27:15Z</time>
      </trkpt>
      <trkpt lat="12.975920" lon="77.599033">
        <time>2026-08-27T10:27:16Z</time>
      </trkpt>
      <trkpt lat="12.975938" lon="77.599052">
        <time>2026-08-27T10:27:17Z</time>
      </trkpt>
      <trkpt lat="12.975957" lon="77.599072">
        <time>2026-08-27T10:27:18Z</time>
      </trkpt>
      <trkpt lat="12.975978" lon="77.599092">
        <time>2026-08-27T10:27:19Z</time>
      </trkpt>
      <trkpt lat="12.975998" lon="77.599113">
        <time>2026-08-27T10:27:20Z</time>
      </trkpt>
      <trkpt lat="12.976017" lon="77.599132">
        <time>2026-08-27T10:27:21Z</time>
      </trkpt>
      <trkpt lat="12.976036" lon="77.599152">
        <time>2026-08-27T10:27:22Z</time>
      </trkpt>
      <trkpt lat="12.976055" lon="77.599171">
        <time>2026-08-27T10:27:23Z</time>
      </trkpt>
      <trkpt lat="12.976073" lon="77.599190">
        <time>2026-08-27T10:27:24Z</time>
      </trkpt>
      <trkpt lat="12.976092" lon="77.599210">
        <time>2026-08-27T10:27:25Z</time>
      </trkpt>
      <trkpt lat="12.976112" lon="77.599230">
        <time>2026-08-27T10:27:26Z</time>
      </trkpt>
      <trkpt lat="12.976131" lon="77.599250">
        <time>2026-08-27T10:27:27Z</time>
      </trkpt>
      <trkpt lat="12.976151" lon="77.599270">
        <time>2026-08-27T10:27:28Z</time>
      </trkpt>
      <trkpt lat="12.976170" lon="77.599290">
        <time>2026-08-27T10:27:29Z</time>
      </trkpt>
      <trkpt lat="12.976188" lon="77.599308">
        <time>2026-08-27T10:27:30Z</time>
      </trkpt>
      <trkpt lat="12.976208" lon="77.599329">
        <time>2026-08-27T10:27:31Z</time>
      </trkpt>
      <trkpt lat="12.976227" lon="77.599348">
        <time>2026-08-27T10:27:32Z</time>
      </trkpt>
      <trkpt lat="12.976246" lon="77.599368">
        <time>2026-08-27T10:27:33Z</time>
      </trkpt>
      <trkpt lat="12.976267" lon="77.599389">
        <time>2026-08-27T10:27:34Z</time>
      </trkpt>
      <trkpt lat="12.976286" lon="77.599409">
        <time>2026-08-27T10:27:35Z</time>
      </trkpt>
      <trkpt lat="12.976305" lon="77.599428">
        <time>2026-08-27T10:27:36Z</time>
      </trkpt>
      <trkpt lat="12.976324" lon="77.599448">
        <time>2026-08-27T10:27:37Z</time>
      </trkpt>
      <trkpt lat="12.976344" lon="77.599468">
        <time>2026-08-27T10:27:38Z</time>
      </trkpt>
      <trkpt lat="12.976364" lon="77.599489">
        <time>2026-08-27T10:27:39Z</time>
      </trkpt>
      <trkpt lat="12.976384" lon="77.599510">
        <time>2026-08-27T10:27:40Z</time>
      </trkpt>
      <trkpt lat="12.976404" lon="77.599530">
        <time>2026-08-27T10:27:41Z</time>
      </trkpt>
      <trkpt lat="12.976423" lon="77.599549">
        <time>2026-08-27T10:27:42Z</time>
      </trkpt>
      <trkpt lat="12.976441" lon="77.599568">
        <time>2026-08-27T10:27:43Z</time>
      </trkpt>
      <trkpt lat="12.976462" lon="77.599589">
        <time>2026-08-27T10:27:44Z</time>
      </trkpt>
      <trkpt lat="12.976480" lon="77.599608">
        <time>2026-08-27T10:27:45Z</time>
      </trkpt>
      <trkpt lat="12.976500" lon="77.599628">
        <time>2026-08-27T10:27:46Z</time>
      </trkpt>
      <trkpt lat="12.976518" lon="77.599647">
        <time>2026-08-27T10:27:47Z</time>
      </trkpt>
      <trkpt lat="12.976537" lon="77.599667">
        <time>2026-08-27T10:27:48Z</time>
      </trkpt>
      <trkpt lat="12.976555" lon="77.599685">
        <time>2026-08-27T10:27:49Z</time>
      </trkpt>
      <trkpt lat="12.976575" lon="77.599705">
        <time>2026-08-27T10:27:50Z</time>
      </trkpt>
      <trkpt lat="12.976594" lon="77.599725">
        <time>2026-08-27T10:27:51Z</time>
      </trkpt>
      <trkpt lat="12.976614" lon="77.599745">
        <time>2026-08-27T10:27:52Z</time>
      </trkpt>
      <trkpt lat="12.976634" lon="77.599766">
        <time>2026-08-27T10:27:53Z</time>
      </trkpt>
      <trkpt lat="12.976654" lon="77.599786">
        <time>2026-08-27T10:27:54Z</time>
      </trkpt>
      <trkpt lat="12.976673" lon="77.599806">
        <time>2026-08-27T10:27:55Z</time>
      </trkpt>
      <trkpt lat="12.976692" lon="77.599826">
        <time>2026-08-27T10:27:56Z</time>
      </trkpt>
      <trkpt lat="12.976712" lon="77.599845">
        <time>2026-08-27T10:27:57Z</time>
      </trkpt>
      <trkpt lat="12.976731" lon="77.599865">
        <time>2026-08-27T10:27:58Z</time>
      </trkpt>
      <trkpt lat="12.976751" lon="77.599886">
        <time>2026-08-27T10:27:59Z</time>
      </trkpt>
      <trkpt lat="12.976770" lon="77.599905">
        <time>2026-08-27T10:28:00Z</time>
      </trkpt>
      <trkpt lat="12.976790" lon="77.599926">
        <time>2026-08-27T10:28:01Z</time>
      </trkpt>
      <trkpt lat="12.976809" lon="77.599946">
        <time>2026-08-27T10:28:02Z</time>
      </trkpt>
      <trkpt lat="12.976830" lon="77.599967">
        <time>2026-08-27T10:28:03Z</time>
      </trkpt>
      <trkpt lat="12.976850" lon="77.599988">
        <time>2026-08-27T10:28:04Z</time>
      </trkpt>
      <trkpt lat="12.976869" lon="77.600007">
        <time>2026-08-27T10:28:05Z</time>
      </trkpt>
      <trkpt lat="12.976889" lon="77.600028">
        <time>2026-08-27T10:28:06Z</time>
      </trkpt>
      <trkpt lat="12.976910" lon="77.600049">
        <time>2026-08-27T10:28:07Z</time>
      </trkpt>
      <trkpt lat="12.976928" lon="77.600068">
        <time>2026-08-27T10:28:08Z</time>
      </trkpt>
      <trkpt lat="12.976947" lon="77.600087">
        <time>2026-08-27T10:28:09Z</time>
      </trkpt>
      <trkpt lat="12.976967" lon="77.600108">
        <time>2026-08-27T10:28:10Z</time>
      </trkpt>
      <trkpt lat="12.976987" lon="77.600128">
        <time>2026-08-27T10:28:11Z</time>
      </trkpt>
      <trkpt lat="12.977007" lon="77.600148">
        <time>2026-08-27T10:28:12Z</time>
      </trkpt>
      <trkpt lat="12.977027" lon="77.600169">
        <time>2026-08-27T10:28:13Z</time>
      </trkpt>
      <trkpt lat="12.977045" lon="77.600188">
        <time>2026-08-27T10:28:14Z</time>
      </trkpt>
      <trkpt lat="12.977065" lon="77.600208">
        <time>2026-08-27T10:28:15Z</time>
      </trkpt>
      <trkpt lat="12.977086" lon="77.600229">
        <time>2026-08-27T10:28:16Z</time>
      </trkpt>
      <trkpt lat="12.977104" lon="77.600248">
        <time>2026-08-27T10:28:17Z</time>
      </trkpt>
      <trkpt lat="12.977124" lon="77.600268">
        <time>2026-08-27T10:28:18Z</time>
      </trkpt>
      <trkpt lat="12.977141" lon="77.600287">
        <time>2026-08-27T10:28:19Z</time>
      </trkpt>
      <trkpt lat="12.977162" lon="77.600307">
        <time>2026-08-27T10:28:20Z</time>
      </trkpt>
      <trkpt lat="12.977180" lon="77.600327">
        <time>2026-08-27T10:28:21Z</time>
      </trkpt>
      <trkpt lat="12.977200" lon="77.600347">
        <time>2026-08-27T10:28:22Z</time>
      </trkpt>
      <trkpt lat="12.977218" lon="77.600365">
        <time>2026-08-27T10:28:23Z</time>
      </trkpt>
      <trkpt lat="12.977237" lon="77.600385">
        <time>2026-08-27T10:28:24Z</time>
      </trkpt>
      <trkpt lat="12.977257" lon="77.600405">
        <time>2026-08-27T10:28:25Z</time>
      </trkpt>
      <trkpt lat="12.977277" lon="77.600425">
        <time>2026-08-27T10:28:26Z</time>
      </trkpt>
      <trkpt lat="12.977295" lon="77.600444">
        <time>2026-08-27T10:28:27Z</time>
      </trkpt>
      <trkpt lat="12.977314" lon="77.600464">
        <time>2026-08-27T10:28:28Z</time>
      </trkpt>
      <trkpt lat="12.977333" lon="77.600483">
        <time>2026-08-27T10:28:29Z</time>
      </trkpt>
      <trkpt lat="12.977353" lon="77.600503">
        <time>2026-08-27T10:28:30Z</time>
      </trkpt>
      <trkpt lat="12.977370" lon="77.600521">
        <time>2026-08-27T10:28:31Z</time>
      </trkpt>
      <trkpt lat="12.977388" lon="77.600540">
        <time>2026-08-27T10:28:32Z</time>
      </trkpt>
      <trkpt lat="12.977407" lon="77.600559">
        <time>2026-08-27T10:28:33Z</time>
      </trkpt>
      <trkpt lat="12.977426" lon="77.600579">
        <time>2026-08-27T10:28:34Z</time>
      </trkpt>
      <trkpt lat="12.977445" lon="77.600598">
        <time>2026-08-27T10:28:35Z</time>
      </trkpt>
      <trkpt lat="12.977464" lon="77.600618">
        <time>2026-08-27T10:28:36Z</time>
      </trkpt>
      <trkpt lat="12.977484" lon="77.600638">
        <time>2026-08-27T10:28:37Z</time>
      </trkpt>
      <trkpt lat="12.977504" lon="77.600659">
        <time>2026-08-27T10:28:38Z</time>
      </trkpt>
      <trkpt lat="12.977523" lon="77.600678">
        <time>2026-08-27T10:28:39Z</time>
      </trkpt>
      <trkpt lat="12.977541" lon="77.600697">
        <time>2026-08-27T10:28:40Z</time>
      </trkpt>
      <trkpt lat="12.977562" lon="77.600718">
        <time>2026-08-27T10:28:41Z</time>
      </trkpt>
      <trkpt lat="12.977581" lon="77.600737">
        <time>2026-08-27T10:28:42Z</time>
      </trkpt>
      <trkpt lat="12.977599" lon="77.600756">
        <time>2026-08-27T10:28:43Z</time>
      </trkpt>
      <trkpt lat="12.977618" lon="77.600775">
        <time>2026-08-27T10:28:44Z</time>
      </trkpt>
      <trkpt lat="12.977636" lon="77.600794">
        <time>2026-08-27T10:28:45Z</time>
      </trkpt>
      <trkpt lat="12.977655" lon="77.600813">
        <time>2026-08-27T10:28:46Z</time>
      </trkpt>
      <trkpt lat="12.977674" lon="77.600833">
        <time>2026-08-27T10:28:47Z</time>
      </trkpt>
      <trkpt lat="12.977694" lon="77.600853">
        <time>2026-08-27T10:28:48Z</time>
      </trkpt>
      <trkpt lat="12.977713" lon="77.600874">
        <time>2026-08-27T10:28:49Z</time>
      </trkpt>
      <trkpt lat="12.977732" lon="77.600892">
        <time>2026-08-27T10:28:50Z</time>
      </trkpt>
      <trkpt lat="12.977750" lon="77.600911">
        <time>2026-08-27T10:28:51Z</time>
      </trkpt>
      <trkpt lat="12.977768" lon="77.600930">
        <time>2026-08-27T10:28:52Z</time>
      </trkpt>
      <trkpt lat="12.977789" lon="77.600951">
        <time>2026-08-27T10:28:53Z</time>
      </trkpt>
      <trkpt lat="12.977807" lon="77.600970">
        <time>2026-08-27T10:28:54Z</time>
      </trkpt>
      <trkpt lat="12.977825" lon="77.600989">
        <time>2026-08-27T10:28:55Z</time>
      </trkpt>
      <trkpt lat="12.977845" lon="77.601009">
        <time>2026-08-27T10:28:56Z</time>
      </trkpt>
      <trkpt lat="12.977865" lon="77.601029">
        <time>2026-08-27T10:28:57Z</time>
      </trkpt>
      <trkpt lat="12.977884" lon="77.601049">
        <time>2026-08-27T10:28:58Z</time>
      </trkpt>
      <trkpt lat="12.977904" lon="77.601069">
        <time>2026-08-27T10:28:59Z</time>
      </trkpt>
      <trkpt lat="12.977924" lon="77.601090">
        <time>2026-08-27T10:29:00Z</time>
      </trkpt>
      <trkpt lat="12.977944" lon="77.601110">
        <time>2026-08-27T10:29:01Z</time>
      </trkpt>
      <trkpt lat="12.977962" lon="77.601128">
        <time>2026-08-27T10:29:02Z</time>
      </trkpt>
      <trkpt lat="12.977980" lon="77.601147">
        <time>2026-08-27T10:29:03Z</time>
      </trkpt>
      <trkpt lat="12.978001" lon="77.601169">
        <time>2026-08-27T10:29:04Z</time>
      </trkpt>
      <trkpt lat="12.978021" lon="77.601189">
        <time>2026-08-27T10:29:05Z</time>
      </trkpt>
      <trkpt lat="12.978040" lon="77.601208">
        <time>2026-08-27T10:29:06Z</time>
      </trkpt>
      <trkpt lat="12.978059" lon="77.601228">
        <time>2026-08-27T10:29:07Z</time>
      </trkpt>
      <trkpt lat="12.978080" lon="77.601249">
        <time>2026-08-27T10:29:08Z</time>
      </trkpt>
      <trkpt lat="12.978098" lon="77.601268">
        <time>2026-08-27T10:29:09Z</time>
      </trkpt>
      <trkpt lat="12.978118" lon="77.601288">
        <time>2026-08-27T10:29:10Z</time>
      </trkpt>
      <trkpt lat="12.978137" lon="77.601309">
        <time>2026-08-27T10:29:11Z</time>
      </trkpt>
      <trkpt lat="12.978155" lon="77.601327">
        <time>2026-08-27T10:29:12Z</time>
      </trkpt>
      <trkpt lat="12.978173" lon="77.601345">
        <time>2026-08-27T10:29:13Z</time>
      </trkpt>
      <trkpt lat="12.978193" lon="77.601366">
        <time>2026-08-27T10:29:14Z</time>
      </trkpt>
      <trkpt lat="12.978211" lon="77.601384">
        <time>2026-08-27T10:29:15Z</time>
      </trkpt>
      <trkpt lat="12.978229" lon="77.601403">
        <time>2026-08-27T10:29:16Z</time>
      </trkpt>
      <trkpt lat="12.978247" lon="77.601421">
        <time>2026-08-27T10:29:17Z</time>
      </trkpt>
      <trkpt lat="12.978267" lon="77.601442">
        <time>2026-08-27T10:29:18Z</time>
      </trkpt>
      <trkpt lat="12.978288" lon="77.601463">
        <time>2026-08-27T10:29:19Z</time>
      </trkpt>
      <trkpt lat="12.978307" lon="77.601483">
        <time>2026-08-27T10:29:20Z</time>
      </trkpt>
      <trkpt lat="12.978327" lon="77.601503">
        <time>2026-08-27T10:29:21Z</time>
      </trkpt>
      <trkpt lat="12.978345" lon="77.601522">
        <time>2026-08-27T10:29:22Z</time>
      </trkpt>
      <trkpt lat="12.978366" lon="77.601543">
        <time>2026-08-27T10:29:23Z</time>
      </trkpt>
      <trkpt lat="12.978384" lon="77.601562">
        <time>2026-08-27T10:29:24Z</time>
      </trkpt>
      <trkpt lat="12.978403" lon="77.601581">
        <time>2026-08-27T10:29:25Z</time>
      </trkpt>
      <trkpt lat="12.978422" lon="77.601601">
        <time>2026-08-27T10:29:26Z</time>
      </trkpt>
      <trkpt lat="12.978441" lon="77.601620">
        <time>2026-08-27T10:29:27Z</time>
      </trkpt>
      <trkpt lat="12.978460" lon="77.601640">
        <time>2026-08-27T10:29:28Z</time>
      </trkpt>
      <trkpt lat="12.978479" lon="77.601660">
        <time>2026-08-27T10:29:29Z</time>
      </trkpt>
      <trkpt lat="12.978500" lon="77.601680">
        <time>2026-08-27T10:29:30Z</time>
      </trkpt>
      <trkpt lat="12.978519" lon="77.601700">
        <time>2026-08-27T10:29:31Z</time>
      </trkpt>
      <trkpt lat="12.978538" lon="77.601720">
        <time>2026-08-27T10:29:32Z</time>
      </trkpt>
      <trkpt lat="12.978559" lon="77.601741">
        <time>2026-08-27T10:29:33Z</time>
      </trkpt>
      <trkpt lat="12.978578" lon="77.601761">
        <time>2026-08-27T10:29:34Z</time>
      </trkpt>
      <trkpt lat="12.978598" lon="77.601781">
        <time>2026-08-27T10:29:35Z</time>
      </trkpt>
      <trkpt lat="12.978616" lon="77.601799">
        <time>2026-08-27T10:29:36Z</time>
      </trkpt>
      <trkpt lat="12.978635" lon="77.601820">
        <time>2026-08-27T10:29:37Z</time>
      </trkpt>
      <trkpt lat="12.978655" lon="77.601839">
        <time>2026-08-27T10:29:38Z</time>
      </trkpt>
      <trkpt lat="12.978673" lon="77.601858">
        <time>2026-08-27T10:29:39Z</time>
      </trkpt>
      <trkpt lat="12.978691" lon="77.601877">
        <time>2026-08-27T10:29:40Z</time>
      </trkpt>
      <trkpt lat="12.978710" lon="77.601896">
        <time>2026-08-27T10:29:41Z</time>
      </trkpt>
      <trkpt lat="12.978728" lon="77.601914">
        <time>2026-08-27T10:29:42Z</time>
      </trkpt>
      <trkpt lat="12.978746" lon="77.601933">
        <time>2026-08-27T10:29:43Z</time>
      </trkpt>
      <trkpt lat="12.978765" lon="77.601952">
        <time>2026-08-27T10:29:44Z</time>
      </trkpt>
      <trkpt lat="12.978785" lon="77.601973">
        <time>2026-08-27T10:29:45Z</time>
      </trkpt>
      <trkpt lat="12.978803" lon="77.601992">
        <time>2026-08-27T10:29:46Z</time>
      </trkpt>
      <trkpt lat="12.978822" lon="77.602012">
        <time>2026-08-27T10:29:47Z</time>
      </trkpt>
      <trkpt lat="12.978842" lon="77.602032">
        <time>2026-08-27T10:29:48Z</time>
      </trkpt>
      <trkpt lat="12.978861" lon="77.602051">
        <time>2026-08-27T10:29:49Z</time>
      </trkpt>
      <trkpt lat="12.978882" lon="77.602072">
        <time>2026-08-27T10:29:50Z</time>
      </trkpt>
      <trkpt lat="12.978901" lon="77.602093">
        <time>2026-08-27T10:29:51Z</time>
      </trkpt>
      <trkpt lat="12.978922" lon="77.602113">
        <time>2026-08-27T10:29:52Z</time>
      </trkpt>
      <trkpt lat="12.978941" lon="77.602133">
        <time>2026-08-27T10:29:53Z</time>
      </trkpt>
      <trkpt lat="12.978960" lon="77.602153">
        <time>2026-08-27T10:29:54Z</time>
      </trkpt>
      <trkpt lat="12.978978" lon="77.602172">
        <time>2026-08-27T10:29:55Z</time>
      </trkpt>
      <trkpt lat="12.978998" lon="77.602192">
        <time>2026-08-27T10:29:56Z</time>
      </trkpt>
      <trkpt lat="12.979019" lon="77.602213">
        <time>2026-08-27T10:29:57Z</time>
      </trkpt>
      <trkpt lat="12.979037" lon="77.602232">
        <time>2026-08-27T10:29:58Z</time>
      </trkpt>
      <trkpt lat="12.979055" lon="77.602251">
        <time>2026-08-27T10:29:59Z</time>
      </trkpt>
      <trkpt lat="12.979074" lon="77.602270">
        <time>2026-08-27T10:30:00Z</time>
      </trkpt>
      <trkpt lat="12.979093" lon="77.602289">
        <time>2026-08-27T10:30:01Z</time>
      </trkpt>
      <trkpt lat="12.979112" lon="77.602309">
        <time>2026-08-27T10:30:02Z</time>
      </trkpt>
      <trkpt lat="12.979131" lon="77.602329">
        <time>2026-08-27T10:30:03Z</time>
      </trkpt>
      <trkpt lat="12.979151" lon="77.602349">
        <time>2026-08-27T10:30:04Z</time>
      </trkpt>
      <trkpt lat="12.979171" lon="77.602369">
        <time>2026-08-27T10:30:05Z</time>
      </trkpt>
      <trkpt lat="12.979191" lon="77.602389">
        <time>2026-08-27T10:30:06Z</time>
      </trkpt>
      <trkpt lat="12.979209" lon="77.602408">
        <time>2026-08-27T10:30:07Z</time>
      </trkpt>
      <trkpt lat="12.979229" lon="77.602429">
        <time>2026-08-27T10:30:08Z</time>
      </trkpt>
      <trkpt lat="12.979247" lon="77.602448">
        <time>2026-08-27T10:30:09Z</time>
      </trkpt>
      <trkpt lat="12.979266" lon="77.602467">
        <time>2026-08-27T10:30:10Z</time>
      </trkpt>
      <trkpt lat="12.979285" lon="77.602486">
        <time>2026-08-27T10:30:11Z</time>
      </trkpt>
      <trkpt lat="12.979305" lon="77.602507">
        <time>2026-08-27T10:30:12Z</time>
      </trkpt>
      <trkpt lat="12.979324" lon="77.602526">
        <time>2026-08-27T10:30:13Z</time>
      </trkpt>
      <trkpt lat="12.979343" lon="77.602545">
        <time>2026-08-27T10:30:14Z</time>
      </trkpt>
      <trkpt lat="12.979363" lon="77.602566">
        <time>2026-08-27T10:30:15Z</time>
      </trkpt>
      <trkpt lat="12.979384" lon="77.602587">
        <time>2026-08-27T10:30:16Z</time>
      </trkpt>
      <trkpt lat="12.979402" lon="77.602606">
        <time>2026-08-27T10:30:17Z</time>
      </trkpt>
      <trkpt lat="12.979420" lon="77.602625">
        <time>2026-08-27T10:30:18Z</time>
      </trkpt>
      <trkpt lat="12.979439" lon="77.602645">
        <time>2026-08-27T10:30:19Z</time>
      </trkpt>
      <trkpt lat="12.979459" lon="77.602665">
        <time>2026-08-27T10:30:20Z</time>
      </trkpt>
      <trkpt lat="12.979479" lon="77.602685">
        <time>2026-08-27T10:30:21Z</time>
      </trkpt>
      <trkpt lat="12.979498" lon="77.602705">
        <time>2026-08-27T10:30:22Z</time>
      </trkpt>
      <trkpt lat="12.979518" lon="77.602726">
        <time>2026-08-27T10:30:23Z</time>
      </trkpt>
      <trkpt lat="12.979536" lon="77.602744">
        <time>2026-08-27T10:30:24Z</time>
      </trkpt>
      <trkpt lat="12.979557" lon="77.602765">
        <time>2026-08-27T10:30:25Z</time>
      </trkpt>
      <trkpt lat="12.979577" lon="77.602786">
        <time>2026-08-27T10:30:26Z</time>
      </trkpt>
      <trkpt lat="12.979596" lon="77.602806">
        <time>2026-08-27T10:30:27Z</time>
      </trkpt>
      <trkpt lat="12.979614" lon="77.602824">
        <time>2026-08-27T10:30:28Z</time>
      </trkpt>
      <trkpt lat="12.979634" lon="77.602845">
        <time>2026-08-27T10:30:29Z</time>
      </trkpt>
      <trkpt lat="12.979653" lon="77.602864">
        <time>2026-08-27T10:30:30Z</time>
      </trkpt>
      <trkpt lat="12.979671" lon="77.602882">
        <time>2026-08-27T10:30:31Z</time>
      </trkpt>
      <trkpt lat="12.979689" lon="77.602901">
        <time>2026-08-27T10:30:32Z</time>
      </trkpt>
      <trkpt lat="12.979709" lon="77.602921">
        <time>2026-08-27T10:30:33Z</time>
      </trkpt>
      <trkpt lat="12.979727" lon="77.602940">
        <time>2026-08-27T10:30:34Z</time>
      </trkpt>
      <trkpt lat="12.979745" lon="77.602959">
        <time>2026-08-27T10:30:35Z</time>
      </trkpt>
      <trkpt lat="12.979765" lon="77.602979">
        <time>2026-08-27T10:30:36Z</time>
      </trkpt>
      <trkpt lat="12.979785" lon="77.602999">
        <time>2026-08-27T10:30:37Z</time>
      </trkpt>
      <trkpt lat="12.979803" lon="77.603018">
        <time>2026-08-27T10:30:38Z</time>
      </trkpt>
      <trkpt lat="12.979822" lon="77.603037">
        <time>2026-08-27T10:30:39Z</time>
      </trkpt>
      <trkpt lat="12.979841" lon="77.603057">
        <time>2026-08-27T10:30:40Z</time>
      </trkpt>
      <trkpt lat="12.979861" lon="77.603077">
        <time>2026-08-27T10:30:41Z</time>
      </trkpt>
      <trkpt lat="12.979880" lon="77.603097">
        <time>2026-08-27T10:30:42Z</time>
      </trkpt>
      <trkpt lat="12.979900" lon="77.603117">
        <time>2026-08-27T10:30:43Z</time>
      </trkpt>
      <trkpt lat="12.979920" lon="77.603138">
        <time>2026-08-27T10:30:44Z</time>
      </trkpt>
      <trkpt lat="12.979938" lon="77.603157">
        <time>2026-08-27T10:30:45Z</time>
      </trkpt>
      <trkpt lat="12.979957" lon="77.603176">
        <time>2026-08-27T10:30:46Z</time>
      </trkpt>
      <trkpt lat="12.979976" lon="77.603196">
        <time>2026-08-27T10:30:47Z</time>
      </trkpt>
      <trkpt lat="12.979996" lon="77.603216">
        <time>2026-08-27T10:30:48Z</time>
      </trkpt>
      <trkpt lat="12.980017" lon="77.603238">
        <time>2026-08-27T10:30:49Z</time>
      </trkpt>
      <trkpt lat="12.980035" lon="77.603256">
        <time>2026-08-27T10:30:50Z</time>
      </trkpt>
      <trkpt lat="12.980055" lon="77.603276">
        <time>2026-08-27T10:30:51Z</time>
      </trkpt>
      <trkpt lat="12.980072" lon="77.603294">
        <time>2026-08-27T10:30:52Z</time>
      </trkpt>
      <trkpt lat="12.980092" lon="77.603315">
        <time>2026-08-27T10:30:53Z</time>
      </trkpt>
      <trkpt lat="12.980113" lon="77.603336">
        <time>2026-08-27T10:30:54Z</time>
      </trkpt>
      <trkpt lat="12.980131" lon="77.603354">
        <time>2026-08-27T10:30:55Z</time>
      </trkpt>
      <trkpt lat="12.980151" lon="77.603375">
        <time>2026-08-27T10:30:56Z</time>
      </trkpt>
      <trkpt lat="12.980171" lon="77.603395">
        <time>2026-08-27T10:30:57Z</time>
      </trkpt>
      <trkpt lat="12.980190" lon="77.603415">
        <time>2026-08-27T10:30:58Z</time>
      </trkpt>
      <trkpt lat="12.980210" lon="77.603436">
        <time>2026-08-27T10:30:59Z</time>
      </trkpt>
      <trkpt lat="12.980229" lon="77.603455">
        <time>2026-08-27T10:31:00Z</time>
      </trkpt>
      <trkpt lat="12.980246" lon="77.603473">
        <time>2026-08-27T10:31:01Z</time>
      </trkpt>
      <trkpt lat="12.980266" lon="77.603494">
        <time>2026-08-27T10:31:02Z</time>
      </trkpt>
      <trkpt lat="12.980285" lon="77.603513">
        <time>2026-08-27T10:31:03Z</time>
      </trkpt>
      <trkpt lat="12.980305" lon="77.603533">
        <time>2026-08-27T10:31:04Z</time>
      </trkpt>
      <trkpt lat="12.980323" lon="77.603551">
        <time>2026-08-27T10:31:05Z</time>
      </trkpt>
      <trkpt lat="12.980343" lon="77.603572">
        <time>2026-08-27T10:31:06Z</time>
      </trkpt>
      <trkpt lat="12.980363" lon="77.603593">
        <time>2026-08-27T10:31:07Z</time>
      </trkpt>
      <trkpt lat="12.980382" lon="77.603612">
        <time>2026-08-27T10:31:08Z</time>
      </trkpt>
      <trkpt lat="12.980402" lon="77.603633">
        <time>2026-08-27T10:31:09Z</time>
      </trkpt>
      <trkpt lat="12.980422" lon="77.603654">
        <time>2026-08-27T10:31:10Z</time>
      </trkpt>
      <trkpt lat="12.980441" lon="77.603673">
        <time>2026-08-27T10:31:11Z</time>
      </trkpt>
      <trkpt lat="12.980462" lon="77.603694">
        <time>2026-08-27T10:31:12Z</time>
      </trkpt>
      <trkpt lat="12.980482" lon="77.603715">
        <time>2026-08-27T10:31:13Z</time>
      </trkpt>
      <trkpt lat="12.980502" lon="77.603735">
        <time>2026-08-27T10:31:14Z</time>
      </trkpt>
      <trkpt lat="12.980519" lon="77.603753">
        <time>2026-08-27T10:31:15Z</time>
      </trkpt>
      <trkpt lat="12.980540" lon="77.603774">
        <time>2026-08-27T10:31:16Z</time>
      </trkpt>
      <trkpt lat="12.980559" lon="77.603794">
        <time>2026-08-27T10:31:17Z</time>
      </trkpt>
      <trkpt lat="12.980577" lon="77.603812">
        <time>2026-08-27T10:31:18Z</time>
      </trkpt>
      <trkpt lat="12.980597" lon="77.603833">
        <time>2026-08-27T10:31:19Z</time>
      </trkpt>
      <trkpt lat="12.980618" lon="77.603854">
        <time>2026-08-27T10:31:20Z</time>
      </trkpt>
      <trkpt lat="12.980636" lon="77.603873">
        <time>2026-08-27T10:31:21Z</time>
      </trkpt>
      <trkpt lat="12.980657" lon="77.603894">
        <time>2026-08-27T10:31:22Z</time>
      </trkpt>
      <trkpt lat="12.980676" lon="77.603914">
        <time>2026-08-27T10:31:23Z</time>
      </trkpt>
      <trkpt lat="12.980694" lon="77.603933">
        <time>2026-08-27T10:31:24Z</time>
      </trkpt>
      <trkpt lat="12.980714" lon="77.603952">
        <time>2026-08-27T10:31:25Z</time>
      </trkpt>
      <trkpt lat="12.980732" lon="77.603972">
        <time>2026-08-27T10:31:26Z</time>
      </trkpt>
      <trkpt lat="12.980752" lon="77.603992">
        <time>2026-08-27T10:31:27Z</time>
      </trkpt>
      <trkpt lat="12.980771" lon="77.604011">
        <time>2026-08-27T10:31:28Z</time>
      </trkpt>
      <trkpt lat="12.980792" lon="77.604032">
        <time>2026-08-27T10:31:29Z</time>
      </trkpt>
      <trkpt lat="12.980810" lon="77.604052">
        <time>2026-08-27T10:31:30Z</time>
      </trkpt>
      <trkpt lat="12.980829" lon="77.604071">
        <time>2026-08-27T10:31:31Z</time>
      </trkpt>
      <trkpt lat="12.980847" lon="77.604089">
        <time>2026-08-27T10:31:32Z</time>
      </trkpt>
      <trkpt lat="12.980865" lon="77.604108">
        <time>2026-08-27T10:31:33Z</time>
      </trkpt>
      <trkpt lat="12.980885" lon="77.604128">
        <time>2026-08-27T10:31:34Z</time>
      </trkpt>
      <trkpt lat="12.980905" lon="77.604149">
        <time>2026-08-27T10:31:35Z</time>
      </trkpt>
      <trkpt lat="12.980924" lon="77.604168">
        <time>2026-08-27T10:31:36Z</time>
      </trkpt>
      <trkpt lat="12.980944" lon="77.604189">
        <time>2026-08-27T10:31:37Z</time>
      </trkpt>
      <trkpt lat="12.980963" lon="77.604208">
        <time>2026-08-27T10:31:38Z</time>
      </trkpt>
      <trkpt lat="12.980982" lon="77.604227">
        <time>2026-08-27T10:31:39Z</time>
      </trkpt>
      <trkpt lat="12.981000" lon="77.604246">
        <time>2026-08-27T10:31:40Z</time>
      </trkpt>
      <trkpt lat="12.981020" lon="77.604267">
        <time>2026-08-27T10:31:41Z</time>
      </trkpt>
      <trkpt lat="12.981038" lon="77.604285">
        <time>2026-08-27T10:31:42Z</time>
      </trkpt>
      <trkpt lat="12.981058" lon="77.604306">
        <time>2026-08-27T10:31:43Z</time>
      </trkpt>
      <trkpt lat="12.981076" lon="77.604325">
        <time>2026-08-27T10:31:44Z</time>
      </trkpt>
      <trkpt lat="12.981097" lon="77.604345">
        <time>2026-08-27T10:31:45Z</time>
      </trkpt>
      <trkpt lat="12.981116" lon="77.604365">
        <time>2026-08-27T10:31:46Z</time>
      </trkpt>
      <trkpt lat="12.981134" lon="77.604384">
        <time>2026-08-27T10:31:47Z</time>
      </trkpt>
      <trkpt lat="12.981153" lon="77.604403">
        <time>2026-08-27T10:31:48Z</time>
      </trkpt>
      <trkpt lat="12.981171" lon="77.604422">
        <time>2026-08-27T10:31:49Z</time>
      </trkpt>
      <trkpt lat="12.981191" lon="77.604442">
        <time>2026-08-27T10:31:50Z</time>
      </trkpt>
      <trkpt lat="12.981210" lon="77.604462">
        <time>2026-08-27T10:31:51Z</time>
      </trkpt>
      <trkpt lat="12.981229" lon="77.604481">
        <time>2026-08-27T10:31:52Z</time>
      </trkpt>
      <trkpt lat="12.981247" lon="77.604500">
        <time>2026-08-27T10:31:53Z</time>
      </trkpt>
      <trkpt lat="12.981266" lon="77.604519">
        <time>2026-08-27T10:31:54Z</time>
      </trkpt>
      <trkpt lat="12.981284" lon="77.604538">
        <time>2026-08-27T10:31:55Z</time>
      </trkpt>
      <trkpt lat="12.981305" lon="77.604559">
        <time>2026-08-27T10:31:56Z</time>
      </trkpt>
      <trkpt lat="12.981325" lon="77.604579">
        <time>2026-08-27T10:31:57Z</time>
      </trkpt>
      <trkpt lat="12.981345" lon="77.604601">
        <time>2026-08-27T10:31:58Z</time>
      </trkpt>
      <trkpt lat="12.981366" lon="77.604622">
        <time>2026-08-27T10:31:59Z</time>
      </trkpt>
      <trkpt lat="12.981386" lon="77.604643">
        <time>2026-08-27T10:32:00Z</time>
      </trkpt>
      <trkpt lat="12.981406" lon="77.604663">
        <time>2026-08-27T10:32:01Z</time>
      </trkpt>
      <trkpt lat="12.981425" lon="77.604682">
        <time>2026-08-27T10:32:02Z</time>
      </trkpt>
      <trkpt lat="12.981445" lon="77.604703">
        <time>2026-08-27T10:32:03Z</time>
      </trkpt>
      <trkpt lat="12.981463" lon="77.604721">
        <time>2026-08-27T10:32:04Z</time>
      </trkpt>
      <trkpt lat="12.981483" lon="77.604742">
        <time>2026-08-27T10:32:05Z</time>
      </trkpt>
      <trkpt lat="12.981501" lon="77.604760">
        <time>2026-08-27T10:32:06Z</time>
      </trkpt>
      <trkpt lat="12.981518" lon="77.604778">
        <time>2026-08-27T10:32:07Z</time>
      </trkpt>
      <trkpt lat="12.981538" lon="77.604798">
        <time>2026-08-27T10:32:08Z</time>
      </trkpt>
      <trkpt lat="12.981556" lon="77.604817">
        <time>2026-08-27T10:32:09Z</time>
      </trkpt>
      <trkpt lat="12.981576" lon="77.604838">
        <time>2026-08-27T10:32:10Z</time>
      </trkpt>
      <trkpt lat="12.981596" lon="77.604858">
        <time>2026-08-27T10:32:11Z</time>
      </trkpt>
      <trkpt lat="12.981614" lon="77.604876">
        <time>2026-08-27T10:32:12Z</time>
      </trkpt>
      <trkpt lat="12.981633" lon="77.604896">
        <time>2026-08-27T10:32:13Z</time>
      </trkpt>
      <trkpt lat="12.981652" lon="77.604916">
        <time>2026-08-27T10:32:14Z</time>
      </trkpt>
      <trkpt lat="12.981670" lon="77.604934">
        <time>2026-08-27T10:32:15Z</time>
      </trkpt>
      <trkpt lat="12.981691" lon="77.604955">
        <time>2026-08-27T10:32:16Z</time>
      </trkpt>
      <trkpt lat="12.981711" lon="77.604976">
        <time>2026-08-27T10:32:17Z</time>
      </trkpt>
      <trkpt lat="12.981730" lon="77.604995">
        <time>2026-08-27T10:32:18Z</time>
      </trkpt>
      <trkpt lat="12.981750" lon="77.605016">
        <time>2026-08-27T10:32:19Z</time>
      </trkpt>
      <trkpt lat="12.981769" lon="77.605036">
        <time>2026-08-27T10:32:20Z</time>
      </trkpt>
      <trkpt lat="12.981788" lon="77.605055">
        <time>2026-08-27T10:32:21Z</time>
      </trkpt>
      <trkpt lat="12.981807" lon="77.605075">
        <time>2026-08-27T10:32:22Z</time>
      </trkpt>
      <trkpt lat="12.981827" lon="77.605095">
        <time>2026-08-27T10:32:23Z</time>
      </trkpt>
      <trkpt lat="12.981848" lon="77.605116">
        <time>2026-08-27T10:32:24Z</time>
      </trkpt>
      <trkpt lat="12.981867" lon="77.605137">
        <time>2026-08-27T10:32:25Z</time>
      </trkpt>
      <trkpt lat="12.981887" lon="77.605157">
        <time>2026-08-27T10:32:26Z</time>
      </trkpt>
      <trkpt lat="12.981907" lon="77.605177">
        <time>2026-08-27T10:32:27Z</time>
      </trkpt>
      <trkpt lat="12.981926" lon="77.605197">
        <time>2026-08-27T10:32:28Z</time>
      </trkpt>
      <trkpt lat="12.981947" lon="77.605218">
        <time>2026-08-27T10:32:29Z</time>
      </trkpt>
      <trkpt lat="12.981967" lon="77.605239">
        <time>2026-08-27T10:32:30Z</time>
      </trkpt>
      <trkpt lat="12.981986" lon="77.605258">
        <time>2026-08-27T10:32:31Z</time>
      </trkpt>
      <trkpt lat="12.982005" lon="77.605278">
        <time>2026-08-27T10:32:32Z</time>
      </trkpt>
      <trkpt lat="12.982025" lon="77.605298">
        <time>2026-08-27T10:32:33Z</time>
      </trkpt>
      <trkpt lat="12.982046" lon="77.605319">
        <time>2026-08-27T10:32:34Z</time>
      </trkpt>
      <trkpt lat="12.982065" lon="77.605339">
        <time>2026-08-27T10:32:35Z</time>
      </trkpt>
      <trkpt lat="12.982085" lon="77.605360">
        <time>2026-08-27T10:32:36Z</time>
      </trkpt>
      <trkpt lat="12.982104" lon="77.605380">
        <time>2026-08-27T10:32:37Z</time>
      </trkpt>
      <trkpt lat="12.982124" lon="77.605400">
        <time>2026-08-27T10:32:38Z</time>
      </trkpt>
      <trkpt lat="12.982144" lon="77.605421">
        <time>2026-08-27T10:32:39Z</time>
      </trkpt>
      <trkpt lat="12.982164" lon="77.605441">
        <time>2026-08-27T10:32:40Z</time>
      </trkpt>
      <trkpt lat="12.982184" lon="77.605462">
        <time>2026-08-27T10:32:41Z</time>
      </trkpt>
      <trkpt lat="12.982203" lon="77.605480">
        <time>2026-08-27T10:32:42Z</time>
      </trkpt>
      <trkpt lat="12.982221" lon="77.605499">
        <time>2026-08-27T10:32:43Z</time>
      </trkpt>
      <trkpt lat="12.982239" lon="77.605518">
        <time>2026-08-27T10:32:44Z</time>
      </trkpt>
      <trkpt lat="12.982257" lon="77.605537">
        <time>2026-08-27T10:32:45Z</time>
      </trkpt>
      <trkpt lat="12.982276" lon="77.605556">
        <time>2026-08-27T10:32:46Z</time>
      </trkpt>
      <trkpt lat="12.982294" lon="77.605575">
        <time>2026-08-27T10:32:47Z</time>
      </trkpt>
      <trkpt lat="12.982314" lon="77.605594">
        <time>2026-08-27T10:32:48Z</time>
      </trkpt>
      <trkpt lat="12.982332" lon="77.605613">
        <time>2026-08-27T10:32:49Z</time>
      </trkpt>
      <trkpt lat="12.982352" lon="77.605633">
        <time>2026-08-27T10:32:50Z</time>
      </trkpt>
      <trkpt lat="12.982371" lon="77.605653">
        <time>2026-08-27T10:32:51Z</time>
      </trkpt>
      <trkpt lat="12.982389" lon="77.605672">
        <time>2026-08-27T10:32:52Z</time>
      </trkpt>
      <trkpt lat="12.982407" lon="77.605691">
        <time>2026-08-27T10:32:53Z</time>
      </trkpt>
      <trkpt lat="12.982426" lon="77.605710">
        <time>2026-08-27T10:32:54Z</time>
      </trkpt>
      <trkpt lat="12.982445" lon="77.605729">
        <time>2026-08-27T10:32:55Z</time>
      </trkpt>
      <trkpt lat="12.982464" lon="77.605749">
        <time>2026-08-27T10:32:56Z</time>
      </trkpt>
      <trkpt lat="12.982482" lon="77.605768">
        <time>2026-08-27T10:32:57Z</time>
      </trkpt>
      <trkpt lat="12.982500" lon="77.605786">
        <time>2026-08-27T10:32:58Z</time>
      </trkpt>
      <trkpt lat="12.982519" lon="77.605805">
        <time>2026-08-27T10:32:59Z</time>
      </trkpt>
      <trkpt lat="12.982537" lon="77.605823">
        <time>2026-08-27T10:33:00Z</time>
      </trkpt>
      <trkpt lat="12.982555" lon="77.605842">
        <time>2026-08-27T10:33:01Z</time>
      </trkpt>
      <trkpt lat="12.982574" lon="77.605861">
        <time>2026-08-27T10:33:02Z</time>
      </trkpt>
      <trkpt lat="12.982593" lon="77.605881">
        <time>2026-08-27T10:33:03Z</time>
      </trkpt>
      <trkpt lat="12.982613" lon="77.605902">
        <time>2026-08-27T10:33:04Z</time>
      </trkpt>
      <trkpt lat="12.982633" lon="77.605922">
        <time>2026-08-27T10:33:05Z</time>
      </trkpt>
      <trkpt lat="12.982653" lon="77.605943">
        <time>2026-08-27T10:33:06Z</time>
      </trkpt>
      <trkpt lat="12.982674" lon="77.605964">
        <time>2026-08-27T10:33:07Z</time>
      </trkpt>
      <trkpt lat="12.982693" lon="77.605984">
        <time>2026-08-27T10:33:08Z</time>
      </trkpt>
      <trkpt lat="12.982713" lon="77.606004">
        <time>2026-08-27T10:33:09Z</time>
      </trkpt>
      <trkpt lat="12.982733" lon="77.606024">
        <time>2026-08-27T10:33:10Z</time>
      </trkpt>
      <trkpt lat="12.982753" lon="77.606045">
        <time>2026-08-27T10:33:11Z</time>
      </trkpt>
      <trkpt lat="12.982771" lon="77.606064">
        <time>2026-08-27T10:33:12Z</time>
      </trkpt>
      <trkpt lat="12.982792" lon="77.606085">
        <time>2026-08-27T10:33:13Z</time>
      </trkpt>
      <trkpt lat="12.982811" lon="77.606105">
        <time>2026-08-27T10:33:14Z</time>
      </trkpt>
      <trkpt lat="12.982831" lon="77.606125">
        <time>2026-08-27T10:33:15Z</time>
      </trkpt>
      <trkpt lat="12.982850" lon="77.606144">
        <time>2026-08-27T10:33:16Z</time>
      </trkpt>
      <trkpt lat="12.982870" lon="77.606165">
        <time>2026-08-27T10:33:17Z</time>
      </trkpt>
      <trkpt lat="12.982890" lon="77.606186">
        <time>2026-08-27T10:33:18Z</time>
      </trkpt>
      <trkpt lat="12.982910" lon="77.606207">
        <time>2026-08-27T10:33:19Z</time>
      </trkpt>
      <trkpt lat="12.982929" lon="77.606226">
        <time>2026-08-27T10:33:20Z</time>
      </trkpt>
      <trkpt lat="12.982949" lon="77.606246">
        <time>2026-08-27T10:33:21Z</time>
      </trkpt>
      <trkpt lat="12.982969" lon="77.606266">
        <time>2026-08-27T10:33:22Z</time>
      </trkpt>
      <trkpt lat="12.982988" lon="77.606287">
        <time>2026-08-27T10:33:23Z</time>
      </trkpt>
      <trkpt lat="12.983007" lon="77.606306">
        <time>2026-08-27T10:33:24Z</time>
      </trkpt>
      <trkpt lat="12.983024" lon="77.606324">
        <time>2026-08-27T10:33:25Z</time>
      </trkpt>
      <trkpt lat="12.983045" lon="77.606345">
        <time>2026-08-27T10:33:26Z</time>
      </trkpt>
      <trkpt lat="12.983063" lon="77.606363">
        <time>2026-08-27T10:33:27Z</time>
      </trkpt>
      <trkpt lat="12.983082" lon="77.606383">
        <time>2026-08-27T10:33:28Z</time>
      </trkpt>
      <trkpt lat="12.983103" lon="77.606404">
        <time>2026-08-27T10:33:29Z</time>
      </trkpt>
      <trkpt lat="12.983122" lon="77.606424">
        <time>2026-08-27T10:33:30Z</time>
      </trkpt>
      <trkpt lat="12.983142" lon="77.606444">
        <time>2026-08-27T10:33:31Z</time>
      </trkpt>
      <trkpt lat="12.983160" lon="77.606463">
        <time>2026-08-27T10:33:32Z</time>
      </trkpt>
      <trkpt lat="12.983180" lon="77.606484">
        <time>2026-08-27T10:33:33Z</time>
      </trkpt>
      <trkpt lat="12.983198" lon="77.606502">
        <time>2026-08-27T10:33:34Z</time>
      </trkpt>
      <trkpt lat="12.983218" lon="77.606523">
        <time>2026-08-27T10:33:35Z</time>
      </trkpt>
      <trkpt lat="12.983238" lon="77.606543">
        <time>2026-08-27T10:33:36Z</time>
      </trkpt>
      <trkpt lat="12.983258" lon="77.606563">
        <time>2026-08-27T10:33:37Z</time>
      </trkpt>
      <trkpt lat="12.983276" lon="77.606582">
        <time>2026-08-27T10:33:38Z</time>
      </trkpt>
      <trkpt lat="12.983294" lon="77.606600">
        <time>2026-08-27T10:33:39Z</time>
      </trkpt>
      <trkpt lat="12.983313" lon="77.606620">
        <time>2026-08-27T10:33:40Z</time>
      </trkpt>
      <trkpt lat="12.983333" lon="77.606640">
        <time>2026-08-27T10:33:41Z</time>
      </trkpt>
      <trkpt lat="12.983351" lon="77.606659">
        <time>2026-08-27T10:33:42Z</time>
      </trkpt>
      <trkpt lat="12.983371" lon="77.606679">
        <time>2026-08-27T10:33:43Z</time>
      </trkpt>
      <trkpt lat="12.983391" lon="77.606700">
        <time>2026-08-27T10:33:44Z</time>
      </trkpt>
      <trkpt lat="12.983411" lon="77.606721">
        <time>2026-08-27T10:33:45Z</time>
      </trkpt>
      <trkpt lat="12.983430" lon="77.606740">
        <time>2026-08-27T10:33:46Z</time>
      </trkpt>
      <trkpt lat="12.983449" lon="77.606760">
        <time>2026-08-27T10:33:47Z</time>
      </trkpt>
      <trkpt lat="12.983468" lon="77.606779">
        <time>2026-08-27T10:33:48Z</time>
      </trkpt>
      <trkpt lat="12.983486" lon="77.606797">
        <time>2026-08-27T10:33:49Z</time>
      </trkpt>
      <trkpt lat="12.983505" lon="77.606817">
        <time>2026-08-27T10:33:50Z</time>
      </trkpt>
      <trkpt lat="12.983525" lon="77.606837">
        <time>2026-08-27T10:33:51Z</time>
      </trkpt>
      <trkpt lat="12.983544" lon="77.606857">
        <time>2026-08-27T10:33:52Z</time>
      </trkpt>
      <trkpt lat="12.983564" lon="77.606877">
        <time>2026-08-27T10:33:53Z</time>
      </trkpt>
      <trkpt lat="12.983584" lon="77.606898">
        <time>2026-08-27T10:33:54Z</time>
      </trkpt>
      <trkpt lat="12.983604" lon="77.606918">
        <time>2026-08-27T10:33:55Z</time>
      </trkpt>
      <trkpt lat="12.983624" lon="77.606939">
        <time>2026-08-27T10:33:56Z</time>
      </trkpt>
      <trkpt lat="12.983642" lon="77.606958">
        <time>2026-08-27T10:33:57Z</time>
      </trkpt>
      <trkpt lat="12.983660" lon="77.606976">
        <time>2026-08-27T10:33:58Z</time>
      </trkpt>
      <trkpt lat="12.983680" lon="77.606997">
        <time>2026-08-27T10:33:59Z</time>
      </trkpt>
      <trkpt lat="12.983698" lon="77.607015">
        <time>2026-08-27T10:34:00Z</time>
      </trkpt>
      <trkpt lat="12.983718" lon="77.607035">
        <time>2026-08-27T10:34:01Z</time>
      </trkpt>
      <trkpt lat="12.983737" lon="77.607055">
        <time>2026-08-27T10:34:02Z</time>
      </trkpt>
      <trkpt lat="12.983757" lon="77.607075">
        <time>2026-08-27T10:34:03Z</time>
      </trkpt>
      <trkpt lat="12.983775" lon="77.607094">
        <time>2026-08-27T10:34:04Z</time>
      </trkpt>
      <trkpt lat="12.983793" lon="77.607113">
        <time>2026-08-27T10:34:05Z</time>
      </trkpt>
      <trkpt lat="12.983812" lon="77.607132">
        <time>2026-08-27T10:34:06Z</time>
      </trkpt>
      <trkpt lat="12.983831" lon="77.607152">
        <time>2026-08-27T10:34:07Z</time>
      </trkpt>
      <trkpt lat="12.983850" lon="77.607171">
        <time>2026-08-27T10:34:08Z</time>
      </trkpt>
      <trkpt lat="12.983868" lon="77.607190">
        <time>2026-08-27T10:34:09Z</time>
      </trkpt>
      <trkpt lat="12.983886" lon="77.607208">
        <time>2026-08-27T10:34:10Z</time>
      </trkpt>
      <trkpt lat="12.983906" lon="77.607229">
        <time>2026-08-27T10:34:11Z</time>
      </trkpt>
      <trkpt lat="12.983924" lon="77.607247">
        <time>2026-08-27T10:34:12Z</time>
      </trkpt>
      <trkpt lat="12.983943" lon="77.607266">
        <time>2026-08-27T10:34:13Z</time>
      </trkpt>
      <trkpt lat="12.983962" lon="77.607286">
        <time>2026-08-27T10:34:14Z</time>
      </trkpt>
      <trkpt lat="12.983980" lon="77.607305">
        <time>2026-08-27T10:34:15Z</time>
      </trkpt>
      <trkpt lat="12.984001" lon="77.607326">
        <time>2026-08-27T10:34:16Z</time>
      </trkpt>
      <trkpt lat="12.984019" lon="77.607345">
        <time>2026-08-27T10:34:17Z</time>
      </trkpt>
      <trkpt lat="12.984038" lon="77.607364">
        <time>2026-08-27T10:34:18Z</time>
      </trkpt>
      <trkpt lat="12.984058" lon="77.607385">
        <time>2026-08-27T10:34:19Z</time>
      </trkpt>
      <trkpt lat="12.984077" lon="77.607404">
        <time>2026-08-27T10:34:20Z</time>
      </trkpt>
      <trkpt lat="12.984096" lon="77.607424">
        <time>2026-08-27T10:34:21Z</time>
      </trkpt>
      <trkpt lat="12.984117" lon="77.607445">
        <time>2026-08-27T10:34:22Z</time>
      </trkpt>
      <trkpt lat="12.984138" lon="77.607466">
        <time>2026-08-27T10:34:23Z</time>
      </trkpt>
      <trkpt lat="12.984158" lon="77.607487">
        <time>2026-08-27T10:34:24Z</time>
      </trkpt>
      <trkpt lat="12.984178" lon="77.607507">
        <time>2026-08-27T10:34:25Z</time>
      </trkpt>
      <trkpt lat="12.984198" lon="77.607528">
        <time>2026-08-27T10:34:26Z</time>
      </trkpt>
      <trkpt lat="12.984216" lon="77.607547">
        <time>2026-08-27T10:34:27Z</time>
      </trkpt>
      <trkpt lat="12.984236" lon="77.607568">
        <time>2026-08-27T10:34:28Z</time>
      </trkpt>
      <trkpt lat="12.984257" lon="77.607589">
        <time>2026-08-27T10:34:29Z</time>
      </trkpt>
      <trkpt lat="12.984277" lon="77.607609">
        <time>2026-08-27T10:34:30Z</time>
      </trkpt>
      <trkpt lat="12.984296" lon="77.607629">
        <time>2026-08-27T10:34:31Z</time>
      </trkpt>
      <trkpt lat="12.984317" lon="77.607650">
        <time>2026-08-27T10:34:32Z</time>
      </trkpt>
      <trkpt lat="12.984336" lon="77.607670">
        <time>2026-08-27T10:34:33Z</time>
      </trkpt>
      <trkpt lat="12.984354" lon="77.607689">
        <time>2026-08-27T10:34:34Z</time>
      </trkpt>
      <trkpt lat="12.984372" lon="77.607707">
        <time>2026-08-27T10:34:35Z</time>
      </trkpt>
      <trkpt lat="12.984390" lon="77.607725">
        <time>2026-08-27T10:34:36Z</time>
      </trkpt>
      <trkpt lat="12.984410" lon="77.607745">
        <time>2026-08-27T10:34:37Z</time>
      </trkpt>
      <trkpt lat="12.984429" lon="77.607766">
        <time>2026-08-27T10:34:38Z</time>
      </trkpt>
      <trkpt lat="12.984448" lon="77.607784">
        <time>2026-08-27T10:34:39Z</time>
      </trkpt>
      <trkpt lat="12.984467" lon="77.607805">
        <time>2026-08-27T10:34:40Z</time>
      </trkpt>
      <trkpt lat="12.984488" lon="77.607826">
        <time>2026-08-27T10:34:41Z</time>
      </trkpt>
      <trkpt lat="12.984508" lon="77.607846">
        <time>2026-08-27T10:34:42Z</time>
      </trkpt>
      <trkpt lat="12.984527" lon="77.607866">
        <time>2026-08-27T10:34:43Z</time>
      </trkpt>
      <trkpt lat="12.984547" lon="77.607886">
        <time>2026-08-27T10:34:44Z</time>
      </trkpt>
      <trkpt lat="12.984565" lon="77.607904">
        <time>2026-08-27T10:34:45Z</time>
      </trkpt>
      <trkpt lat="12.984584" lon="77.607924">
        <time>2026-08-27T10:34:46Z</time>
      </trkpt>
      <trkpt lat="12.984603" lon="77.607944">
        <time>2026-08-27T10:34:47Z</time>
      </trkpt>
      <trkpt lat="12.984622" lon="77.607963">
        <time>2026-08-27T10:34:48Z</time>
      </trkpt>
      <trkpt lat="12.984642" lon="77.607984">
        <time>2026-08-27T10:34:49Z</time>
      </trkpt>
      <trkpt lat="12.984661" lon="77.608003">
        <time>2026-08-27T10:34:50Z</time>
      </trkpt>
      <trkpt lat="12.984682" lon="77.608024">
        <time>2026-08-27T10:34:51Z</time>
      </trkpt>
      <trkpt lat="12.984700" lon="77.608044">
        <time>2026-08-27T10:34:52Z</time>
      </trkpt>
      <trkpt lat="12.984718" lon="77.608062">
        <time>2026-08-27T10:34:53Z</time>
      </trkpt>
      <trkpt lat="12.984737" lon="77.608081">
        <time>2026-08-27T10:34:54Z</time>
      </trkpt>
      <trkpt lat="12.984756" lon="77.608101">
        <time>2026-08-27T10:34:55Z</time>
      </trkpt>
      <trkpt lat="12.984774" lon="77.608120">
        <time>2026-08-27T10:34:56Z</time>
      </trkpt>
      <trkpt lat="12.984795" lon="77.608141">
        <time>2026-08-27T10:34:57Z</time>
      </trkpt>
      <trkpt lat="12.984814" lon="77.608160">
        <time>2026-08-27T10:34:58Z</time>
      </trkpt>
      <trkpt lat="12.984833" lon="77.608180">
        <time>2026-08-27T10:34:59Z</time>
      </trkpt>
      <trkpt lat="12.984851" lon="77.608198">
        <time>2026-08-27T10:35:00Z</time>
      </trkpt>
      <trkpt lat="12.984872" lon="77.608219">
        <time>2026-08-27T10:35:01Z</time>
      </trkpt>
      <trkpt lat="12.984891" lon="77.608240">
        <time>2026-08-27T10:35:02Z</time>
      </trkpt>
      <trkpt lat="12.984909" lon="77.608258">
        <time>2026-08-27T10:35:03Z</time>
      </trkpt>
      <trkpt lat="12.984928" lon="77.608278">
        <time>2026-08-27T10:35:04Z</time>
      </trkpt>
      <trkpt lat="12.984948" lon="77.608298">
        <time>2026-08-27T10:35:05Z</time>
      </trkpt>
      <trkpt lat="12.984967" lon="77.608317">
        <time>2026-08-27T10:35:06Z</time>
      </trkpt>
      <trkpt lat="12.984987" lon="77.608338">
        <time>2026-08-27T10:35:07Z</time>
      </trkpt>
      <trkpt lat="12.985007" lon="77.608359">
        <time>2026-08-27T10:35:08Z</time>
      </trkpt>
      <trkpt lat="12.985028" lon="77.608380">
        <time>2026-08-27T10:35:09Z</time>
      </trkpt>
      <trkpt lat="12.985047" lon="77.608400">
        <time>2026-08-27T10:35:10Z</time>
      </trkpt>
      <trkpt lat="12.985066" lon="77.608419">
        <time>2026-08-27T10:35:11Z</time>
      </trkpt>
      <trkpt lat="12.985084" lon="77.608437">
        <time>2026-08-27T10:35:12Z</time>
      </trkpt>
      <trkpt lat="12.985104" lon="77.608458">
        <time>2026-08-27T10:35:13Z</time>
      </trkpt>
      <trkpt lat="12.985124" lon="77.608478">
        <time>2026-08-27T10:35:14Z</time>
      </trkpt>
      <trkpt lat="12.985143" lon="77.608498">
        <time>2026-08-27T10:35:15Z</time>
      </trkpt>
      <trkpt lat="12.985162" lon="77.608518">
        <time>2026-08-27T10:35:16Z</time>
      </trkpt>
      <trkpt lat="12.985181" lon="77.608537">
        <time>2026-08-27T10:35:17Z</time>
      </trkpt>
      <trkpt lat="12.985201" lon="77.608557">
        <time>2026-08-27T10:35:18Z</time>
      </trkpt>
      <trkpt lat="12.985220" lon="77.608577">
        <time>2026-08-27T10:35:19Z</time>
      </trkpt>
      <trkpt lat="12.985238" lon="77.608595">
        <time>2026-08-27T10:35:20Z</time>
      </trkpt>
      <trkpt lat="12.985258" lon="77.608616">
        <time>2026-08-27T10:35:21Z</time>
      </trkpt>
      <trkpt lat="12.985276" lon="77.608635">
        <time>2026-08-27T10:35:22Z</time>
      </trkpt>
      <trkpt lat="12.985294" lon="77.608653">
        <time>2026-08-27T10:35:23Z</time>
      </trkpt>
      <trkpt lat="12.985313" lon="77.608672">
        <time>2026-08-27T10:35:24Z</time>
      </trkpt>
      <trkpt lat="12.985333" lon="77.608693">
        <time>2026-08-27T10:35:25Z</time>
      </trkpt>
      <trkpt lat="12.985352" lon="77.608713">
        <time>2026-08-27T10:35:26Z</time>
      </trkpt>
      <trkpt lat="12.985372" lon="77.608733">
        <time>2026-08-27T10:35:27Z</time>
      </trkpt>
      <trkpt lat="12.985391" lon="77.608753">
        <time>2026-08-27T10:35:28Z</time>
      </trkpt>
      <trkpt lat="12.985411" lon="77.608773">
        <time>2026-08-27T10:35:29Z</time>
      </trkpt>
      <trkpt lat="12.985429" lon="77.608791">
        <time>2026-08-27T10:35:30Z</time>
      </trkpt>
      <trkpt lat="12.985449" lon="77.608812">
        <time>2026-08-27T10:35:31Z</time>
      </trkpt>
      <trkpt lat="12.985468" lon="77.608831">
        <time>2026-08-27T10:35:32Z</time>
      </trkpt>
      <trkpt lat="12.985486" lon="77.608850">
        <time>2026-08-27T10:35:33Z</time>
      </trkpt>
      <trkpt lat="12.985507" lon="77.608871">
        <time>2026-08-27T10:35:34Z</time>
      </trkpt>
      <trkpt lat="12.985525" lon="77.608890">
        <time>2026-08-27T10:35:35Z</time>
      </trkpt>
      <trkpt lat="12.985545" lon="77.608911">
        <time>2026-08-27T10:35:36Z</time>
      </trkpt>
      <trkpt lat="12.985563" lon="77.608929">
        <time>2026-08-27T10:35:37Z</time>
      </trkpt>
      <trkpt lat="12.985583" lon="77.608949">
        <time>2026-08-27T10:35:38Z</time>
      </trkpt>
      <trkpt lat="12.985603" lon="77.608970">
        <time>2026-08-27T10:35:39Z</time>
      </trkpt>
      <trkpt lat="12.985622" lon="77.608990">
        <time>2026-08-27T10:35:40Z</time>
      </trkpt>
      <trkpt lat="12.985642" lon="77.609010">
        <time>2026-08-27T10:35:41Z</time>
      </trkpt>
      <trkpt lat="12.985661" lon="77.609029">
        <time>2026-08-27T10:35:42Z</time>
      </trkpt>
      <trkpt lat="12.985679" lon="77.609048">
        <time>2026-08-27T10:35:43Z</time>
      </trkpt>
      <trkpt lat="12.985699" lon="77.609068">
        <time>2026-08-27T10:35:44Z</time>
      </trkpt>
      <trkpt lat="12.985717" lon="77.609087">
        <time>2026-08-27T10:35:45Z</time>
      </trkpt>
      <trkpt lat="12.985737" lon="77.609108">
        <time>2026-08-27T10:35:46Z</time>
      </trkpt>
      <trkpt lat="12.985758" lon="77.609129">
        <time>2026-08-27T10:35:47Z</time>
      </trkpt>
      <trkpt lat="12.985778" lon="77.609150">
        <time>2026-08-27T10:35:48Z</time>
      </trkpt>
      <trkpt lat="12.985798" lon="77.609171">
        <time>2026-08-27T10:35:49Z</time>
      </trkpt>
      <trkpt lat="12.985818" lon="77.609191">
        <time>2026-08-27T10:35:50Z</time>
      </trkpt>
      <trkpt lat="12.985838" lon="77.609211">
        <time>2026-08-27T10:35:51Z</time>
      </trkpt>
      <trkpt lat="12.985856" lon="77.609230">
        <time>2026-08-27T10:35:52Z</time>
      </trkpt>
      <trkpt lat="12.985877" lon="77.609251">
        <time>2026-08-27T10:35:53Z</time>
      </trkpt>
      <trkpt lat="12.985895" lon="77.609269">
        <time>2026-08-27T10:35:54Z</time>
      </trkpt>
      <trkpt lat="12.985914" lon="77.609290">
        <time>2026-08-27T10:35:55Z</time>
      </trkpt>
      <trkpt lat="12.985933" lon="77.609309">
        <time>2026-08-27T10:35:56Z</time>
      </trkpt>
      <trkpt lat="12.985953" lon="77.609329">
        <time>2026-08-27T10:35:57Z</time>
      </trkpt>
      <trkpt lat="12.985973" lon="77.609350">
        <time>2026-08-27T10:35:58Z</time>
      </trkpt>
      <trkpt lat="12.985993" lon="77.609370">
        <time>2026-08-27T10:35:59Z</time>
      </trkpt>
      <trkpt lat="12.986011" lon="77.609389">
        <time>2026-08-27T10:36:00Z</time>
      </trkpt>
      <trkpt lat="12.986032" lon="77.609410">
        <time>2026-08-27T10:36:01Z</time>
      </trkpt>
      <trkpt lat="12.986050" lon="77.609429">
        <time>2026-08-27T10:36:02Z</time>
      </trkpt>
      <trkpt lat="12.986069" lon="77.609448">
        <time>2026-08-27T10:36:03Z</time>
      </trkpt>
      <trkpt lat="12.986087" lon="77.609467">
        <time>2026-08-27T10:36:04Z</time>
      </trkpt>
      <trkpt lat="12.986107" lon="77.609487">
        <time>2026-08-27T10:36:05Z</time>
      </trkpt>
      <trkpt lat="12.986127" lon="77.609508">
        <time>2026-08-27T10:36:06Z</time>
      </trkpt>
      <trkpt lat="12.986148" lon="77.609529">
        <time>2026-08-27T10:36:07Z</time>
      </trkpt>
      <trkpt lat="12.986166" lon="77.609548">
        <time>2026-08-27T10:36:08Z</time>
      </trkpt>
      <trkpt lat="12.986185" lon="77.609567">
        <time>2026-08-27T10:36:09Z</time>
      </trkpt>
      <trkpt lat="12.986203" lon="77.609585">
        <time>2026-08-27T10:36:10Z</time>
      </trkpt>
      <trkpt lat="12.986222" lon="77.609605">
        <time>2026-08-27T10:36:11Z</time>
      </trkpt>
      <trkpt lat="12.986242" lon="77.609626">
        <time>2026-08-27T10:36:12Z</time>
      </trkpt>
      <trkpt lat="12.986260" lon="77.609645">
        <time>2026-08-27T10:36:13Z</time>
      </trkpt>
      <trkpt lat="12.986280" lon="77.609665">
        <time>2026-08-27T10:36:14Z</time>
      </trkpt>
      <trkpt lat="12.986299" lon="77.609685">
        <time>2026-08-27T10:36:15Z</time>
      </trkpt>
      <trkpt lat="12.986318" lon="77.609703">
        <time>2026-08-27T10:36:16Z</time>
      </trkpt>
      <trkpt lat="12.986338" lon="77.609724">
        <time>2026-08-27T10:36:17Z</time>
      </trkpt>
      <trkpt lat="12.986358" lon="77.609745">
        <time>2026-08-27T10:36:18Z</time>
      </trkpt>
      <trkpt lat="12.986377" lon="77.609764">
        <time>2026-08-27T10:36:19Z</time>
      </trkpt>
      <trkpt lat="12.986396" lon="77.609784">
        <time>2026-08-27T10:36:20Z</time>
      </trkpt>
      <trkpt lat="12.986417" lon="77.609805">
        <time>2026-08-27T10:36:21Z</time>
      </trkpt>
      <trkpt lat="12.986436" lon="77.609825">
        <time>2026-08-27T10:36:22Z</time>
      </trkpt>
      <trkpt lat="12.986456" lon="77.609846">
        <time>2026-08-27T10:36:23Z</time>
      </trkpt>
      <trkpt lat="12.986474" lon="77.609864">
        <time>2026-08-27T10:36:24Z</time>
      </trkpt>
      <trkpt lat="12.986492" lon="77.609882">
        <time>2026-08-27T10:36:25Z</time>
      </trkpt>
      <trkpt lat="12.986512" lon="77.609903">
        <time>2026-08-27T10:36:26Z</time>
      </trkpt>
      <trkpt lat="12.986531" lon="77.609922">
        <time>2026-08-27T10:36:27Z</time>
      </trkpt>
      <trkpt lat="12.986549" lon="77.609941">
        <time>2026-08-27T10:36:28Z</time>
      </trkpt>
      <trkpt lat="12.986567" lon="77.609960">
        <time>2026-08-27T10:36:29Z</time>
      </trkpt>
      <trkpt lat="12.986585" lon="77.609978">
        <time>2026-08-27T10:36:30Z</time>
      </trkpt>
      <trkpt lat="12.986604" lon="77.609997">
        <time>2026-08-27T10:36:31Z</time>
      </trkpt>
      <trkpt lat="12.986624" lon="77.610018">
        <time>2026-08-27T10:36:32Z</time>
      </trkpt>
      <trkpt lat="12.986644" lon="77.610039">
        <time>2026-08-27T10:36:33Z</time>
      </trkpt>
      <trkpt lat="12.986663" lon="77.610058">
        <time>2026-08-27T10:36:34Z</time>
      </trkpt>
      <trkpt lat="12.986683" lon="77.610078">
        <time>2026-08-27T10:36:35Z</time>
      </trkpt>
      <trkpt lat="12.986702" lon="77.610098">
        <time>2026-08-27T10:36:36Z</time>
      </trkpt>
      <trkpt lat="12.986723" lon="77.610119">
        <time>2026-08-27T10:36:37Z</time>
      </trkpt>
      <trkpt lat="12.986743" lon="77.610140">
        <time>2026-08-27T10:36:38Z</time>
      </trkpt>
      <trkpt lat="12.986762" lon="77.610160">
        <time>2026-08-27T10:36:39Z</time>
      </trkpt>
      <trkpt lat="12.986780" lon="77.610178">
        <time>2026-08-27T10:36:40Z</time>
      </trkpt>
      <trkpt lat="12.986800" lon="77.610198">
        <time>2026-08-27T10:36:41Z</time>
      </trkpt>
      <trkpt lat="12.986820" lon="77.610219">
        <time>2026-08-27T10:36:42Z</time>
      </trkpt>
      <trkpt lat="12.986838" lon="77.610238">
        <time>2026-08-27T10:36:43Z</time>
      </trkpt>
      <trkpt lat="12.986857" lon="77.610257">
        <time>2026-08-27T10:36:44Z</time>
      </trkpt>
      <trkpt lat="12.986877" lon="77.610277">
        <time>2026-08-27T10:36:45Z</time>
      </trkpt>
      <trkpt lat="12.986895" lon="77.610296">
        <time>2026-08-27T10:36:46Z</time>
      </trkpt>
      <trkpt lat="12.986913" lon="77.610314">
        <time>2026-08-27T10:36:47Z</time>
      </trkpt>
      <trkpt lat="12.986933" lon="77.610335">
        <time>2026-08-27T10:36:48Z</time>
      </trkpt>
      <trkpt lat="12.986952" lon="77.610354">
        <time>2026-08-27T10:36:49Z</time>
      </trkpt>
      <trkpt lat="12.986971" lon="77.610374">
        <time>2026-08-27T10:36:50Z</time>
      </trkpt>
      <trkpt lat="12.986990" lon="77.610394">
        <time>2026-08-27T10:36:51Z</time>
      </trkpt>
      <trkpt lat="12.987010" lon="77.610414">
        <time>2026-08-27T10:36:52Z</time>
      </trkpt>
      <trkpt lat="12.987029" lon="77.610433">
        <time>2026-08-27T10:36:53Z</time>
      </trkpt>
      <trkpt lat="12.987049" lon="77.610454">
        <time>2026-08-27T10:36:54Z</time>
      </trkpt>
      <trkpt lat="12.987070" lon="77.610475">
        <time>2026-08-27T10:36:55Z</time>
      </trkpt>
      <trkpt lat="12.987088" lon="77.610494">
        <time>2026-08-27T10:36:56Z</time>
      </trkpt>
      <trkpt lat="12.987107" lon="77.610514">
        <time>2026-08-27T10:36:57Z</time>
      </trkpt>
      <trkpt lat="12.987126" lon="77.610533">
        <time>2026-08-27T10:36:58Z</time>
      </trkpt>
      <trkpt lat="12.987145" lon="77.610552">
        <time>2026-08-27T10:36:59Z</time>
      </trkpt>
      <trkpt lat="12.987164" lon="77.610572">
        <time>2026-08-27T10:37:00Z</time>
      </trkpt>
      <trkpt lat="12.987184" lon="77.610592">
        <time>2026-08-27T10:37:01Z</time>
      </trkpt>
      <trkpt lat="12.987204" lon="77.610613">
        <time>2026-08-27T10:37:02Z</time>
      </trkpt>
      <trkpt lat="12.987223" lon="77.610632">
        <time>2026-08-27T10:37:03Z</time>
      </trkpt>
      <trkpt lat="12.987241" lon="77.610651">
        <time>2026-08-27T10:37:04Z</time>
      </trkpt>
      <trkpt lat="12.987260" lon="77.610671">
        <time>2026-08-27T10:37:05Z</time>
      </trkpt>
      <trkpt lat="12.987278" lon="77.610689">
        <time>2026-08-27T10:37:06Z</time>
      </trkpt>
      <trkpt lat="12.987299" lon="77.610710">
        <time>2026-08-27T10:37:07Z</time>
      </trkpt>
      <trkpt lat="12.987318" lon="77.610730">
        <time>2026-08-27T10:37:08Z</time>
      </trkpt>
      <trkpt lat="12.987338" lon="77.610751">
        <time>2026-08-27T10:37:09Z</time>
      </trkpt>
      <trkpt lat="12.987359" lon="77.610772">
        <time>2026-08-27T10:37:10Z</time>
      </trkpt>
      <trkpt lat="12.987377" lon="77.610790">
        <time>2026-08-27T10:37:11Z</time>
      </trkpt>
      <trkpt lat="12.987395" lon="77.610809">
        <time>2026-08-27T10:37:12Z</time>
      </trkpt>
      <trkpt lat="12.987414" lon="77.610829">
        <time>2026-08-27T10:37:13Z</time>
      </trkpt>
      <trkpt lat="12.987435" lon="77.610850">
        <time>2026-08-27T10:37:14Z</time>
      </trkpt>
      <trkpt lat="12.987453" lon="77.610869">
        <time>2026-08-27T10:37:15Z</time>
      </trkpt>
      <trkpt lat="12.987474" lon="77.610890">
        <time>2026-08-27T10:37:16Z</time>
      </trkpt>
      <trkpt lat="12.987493" lon="77.610910">
        <time>2026-08-27T10:37:17Z</time>
      </trkpt>
      <trkpt lat="12.987474" lon="77.610890">
        <time>2026-08-27T10:37:18Z</time>
      </trkpt>
      <trkpt lat="12.987454" lon="77.610870">
        <time>2026-08-27T10:37:19Z</time>
      </trkpt>
      <trkpt lat="12.987435" lon="77.610850">
        <time>2026-08-27T10:37:20Z</time>
      </trkpt>
      <trkpt lat="12.987416" lon="77.610830">
        <time>2026-08-27T10:37:21Z</time>
      </trkpt>
      <trkpt lat="12.987395" lon="77.610809">
        <time>2026-08-27T10:37:22Z</time>
      </trkpt>
      <trkpt lat="12.987377" lon="77.610790">
        <time>2026-08-27T10:37:23Z</time>
      </trkpt>
      <trkpt lat="12.987357" lon="77.610770">
        <time>2026-08-27T10:37:24Z</time>
      </trkpt>
      <trkpt lat="12.987339" lon="77.610752">
        <time>2026-08-27T10:37:25Z</time>
      </trkpt>
      <trkpt lat="12.987320" lon="77.610732">
        <time>2026-08-27T10:37:26Z</time>
      </trkpt>
      <trkpt lat="12.987300" lon="77.610711">
        <time>2026-08-27T10:37:27Z</time>
      </trkpt>
      <trkpt lat="12.987281" lon="77.610692">
        <time>2026-08-27T10:37:28Z</time>
      </trkpt>
      <trkpt lat="12.987261" lon="77.610672">
        <time>2026-08-27T10:37:29Z</time>
      </trkpt>
      <trkpt lat="12.987244" lon="77.610654">
        <time>2026-08-27T10:37:30Z</time>
      </trkpt>
      <trkpt lat="12.987224" lon="77.610634">
        <time>2026-08-27T10:37:31Z</time>
      </trkpt>
      <trkpt lat="12.987206" lon="77.610615">
        <time>2026-08-27T10:37:32Z</time>
      </trkpt>
      <trkpt lat="12.987188" lon="77.610597">
        <time>2026-08-27T10:37:33Z</time>
      </trkpt>
      <trkpt lat="12.987169" lon="77.610577">
        <time>2026-08-27T10:37:34Z</time>
      </trkpt>
      <trkpt lat="12.987150" lon="77.610558">
        <time>2026-08-27T10:37:35Z</time>
      </trkpt>
      <trkpt lat="12.987130" lon="77.610538">
        <time>2026-08-27T10:37:36Z</time>
      </trkpt>
      <trkpt lat="12.987112" lon="77.610518">
        <time>2026-08-27T10:37:37Z</time>
      </trkpt>
      <trkpt lat="12.987092" lon="77.610498">
        <time>2026-08-27T10:37:38Z</time>
      </trkpt>
      <trkpt lat="12.987074" lon="77.610480">
        <time>2026-08-27T10:37:39Z</time>
      </trkpt>
      <trkpt lat="12.987054" lon="77.610460">
        <time>2026-08-27T10:37:40Z</time>
      </trkpt>
      <trkpt lat="12.987036" lon="77.610441">
        <time>2026-08-27T10:37:41Z</time>
      </trkpt>
      <trkpt lat="12.987016" lon="77.610420">
        <time>2026-08-27T10:37:42Z</time>
      </trkpt>
      <trkpt lat="12.986998" lon="77.610401">
        <time>2026-08-27T10:37:43Z</time>
      </trkpt>
      <trkpt lat="12.986979" lon="77.610382">
        <time>2026-08-27T10:37:44Z</time>
      </trkpt>
      <trkpt lat="12.986961" lon="77.610363">
        <time>2026-08-27T10:37:45Z</time>
      </trkpt>
      <trkpt lat="12.986941" lon="77.610343">
        <time>2026-08-27T10:37:46Z</time>
      </trkpt>
      <trkpt lat="12.986921" lon="77.610322">
        <time>2026-08-27T10:37:47Z</time>
      </trkpt>
      <trkpt lat="12.986902" lon="77.610303">
        <time>2026-08-27T10:37:48Z</time>
      </trkpt>
      <trkpt lat="12.986884" lon="77.610285">
        <time>2026-08-27T10:37:49Z</time>
      </trkpt>
      <trkpt lat="12.986864" lon="77.610264">
        <time>2026-08-27T10:37:50Z</time>
      </trkpt>
      <trkpt lat="12.986843" lon="77.610243">
        <time>2026-08-27T10:37:51Z</time>
      </trkpt>
      <trkpt lat="12.986825" lon="77.610224">
        <time>2026-08-27T10:37:52Z</time>
      </trkpt>
      <trkpt lat="12.986805" lon="77.610203">
        <time>2026-08-27T10:37:53Z</time>
      </trkpt>
      <trkpt lat="12.986785" lon="77.610183">
        <time>2026-08-27T10:37:54Z</time>
      </trkpt>
      <trkpt lat="12.986765" lon="77.610163">
        <time>2026-08-27T10:37:55Z</time>
      </trkpt>
      <trkpt lat="12.986747" lon="77.610144">
        <time>2026-08-27T10:37:56Z</time>
      </trkpt>
      <trkpt lat="12.986726" lon="77.610123">
        <time>2026-08-27T10:37:57Z</time>
      </trkpt>
      <trkpt lat="12.986707" lon="77.610104">
        <time>2026-08-27T10:37:58Z</time>
      </trkpt>
      <trkpt lat="12.986689" lon="77.610084">
        <time>2026-08-27T10:37:59Z</time>
      </trkpt>
      <trkpt lat="12.986671" lon="77.610066">
        <time>2026-08-27T10:38:00Z</time>
      </trkpt>
      <trkpt lat="12.986652" lon="77.610047">
        <time>2026-08-27T10:38:01Z</time>
      </trkpt>
      <trkpt lat="12.986634" lon="77.610028">
        <time>2026-08-27T10:38:02Z</time>
      </trkpt>
      <trkpt lat="12.986613" lon="77.610007">
        <time>2026-08-27T10:38:03Z</time>
      </trkpt>
      <trkpt lat="12.986594" lon="77.609987">
        <time>2026-08-27T10:38:04Z</time>
      </trkpt>
      <trkpt lat="12.986575" lon="77.609967">
        <time>2026-08-27T10:38:05Z</time>
      </trkpt>
      <trkpt lat="12.986557" lon="77.609949">
        <time>2026-08-27T10:38:06Z</time>
      </trkpt>
      <trkpt lat="12.986536" lon="77.609928">
        <time>2026-08-27T10:38:07Z</time>
      </trkpt>
      <trkpt lat="12.986518" lon="77.609910">
        <time>2026-08-27T10:38:08Z</time>
      </trkpt>
      <trkpt lat="12.986500" lon="77.609891">
        <time>2026-08-27T10:38:09Z</time>
      </trkpt>
      <trkpt lat="12.986481" lon="77.609872">
        <time>2026-08-27T10:38:10Z</time>
      </trkpt>
      <trkpt lat="12.986461" lon="77.609851">
        <time>2026-08-27T10:38:11Z</time>
      </trkpt>
      <trkpt lat="12.986441" lon="77.609831">
        <time>2026-08-27T10:38:12Z</time>
      </trkpt>
      <trkpt lat="12.986422" lon="77.609811">
        <time>2026-08-27T10:38:13Z</time>
      </trkpt>
      <trkpt lat="12.986404" lon="77.609792">
        <time>2026-08-27T10:38:14Z</time>
      </trkpt>
      <trkpt lat="12.986384" lon="77.609772">
        <time>2026-08-27T10:38:15Z</time>
      </trkpt>
      <trkpt lat="12.986363" lon="77.609750">
        <time>2026-08-27T10:38:16Z</time>
      </trkpt>
      <trkpt lat="12.986344" lon="77.609731">
        <time>2026-08-27T10:38:17Z</time>
      </trkpt>
      <trkpt lat="12.986326" lon="77.609712">
        <time>2026-08-27T10:38:18Z</time>
      </trkpt>
      <trkpt lat="12.986306" lon="77.609691">
        <time>2026-08-27T10:38:19Z</time>
      </trkpt>
      <trkpt lat="12.986285" lon="77.609670">
        <time>2026-08-27T10:38:20Z</time>
      </trkpt>
      <trkpt lat="12.986267" lon="77.609651">
        <time>2026-08-27T10:38:21Z</time>
      </trkpt>
      <trkpt lat="12.986249" lon="77.609633">
        <time>2026-08-27T10:38:22Z</time>
      </trkpt>
      <trkpt lat="12.986229" lon="77.609613">
        <time>2026-08-27T10:38:23Z</time>
      </trkpt>
      <trkpt lat="12.986210" lon="77.609593">
        <time>2026-08-27T10:38:24Z</time>
      </trkpt>
      <trkpt lat="12.986190" lon="77.609573">
        <time>2026-08-27T10:38:25Z</time>
      </trkpt>
      <trkpt lat="12.986170" lon="77.609552">
        <time>2026-08-27T10:38:26Z</time>
      </trkpt>
      <trkpt lat="12.986151" lon="77.609533">
        <time>2026-08-27T10:38:27Z</time>
      </trkpt>
      <trkpt lat="12.986131" lon="77.609512">
        <time>2026-08-27T10:38:28Z</time>
      </trkpt>
      <trkpt lat="12.986112" lon="77.609492">
        <time>2026-08-27T10:38:29Z</time>
      </trkpt>
      <trkpt lat="12.986094" lon="77.609474">
        <time>2026-08-27T10:38:30Z</time>
      </trkpt>
      <trkpt lat="12.986073" lon="77.609453">
        <time>2026-08-27T10:38:31Z</time>
      </trkpt>
      <trkpt lat="12.986055" lon="77.609434">
        <time>2026-08-27T10:38:32Z</time>
      </trkpt>
      <trkpt lat="12.986034" lon="77.609412">
        <time>2026-08-27T10:38:33Z</time>
      </trkpt>
      <trkpt lat="12.986014" lon="77.609392">
        <time>2026-08-27T10:38:34Z</time>
      </trkpt>
      <trkpt lat="12.985995" lon="77.609373">
        <time>2026-08-27T10:38:35Z</time>
      </trkpt>
      <trkpt lat="12.985976" lon="77.609352">
        <time>2026-08-27T10:38:36Z</time>
      </trkpt>
      <trkpt lat="12.985956" lon="77.609332">
        <time>2026-08-27T10:38:37Z</time>
      </trkpt>
      <trkpt lat="12.985935" lon="77.609311">
        <time>2026-08-27T10:38:38Z</time>
      </trkpt>
      <trkpt lat="12.985917" lon="77.609293">
        <time>2026-08-27T10:38:39Z</time>
      </trkpt>
      <trkpt lat="12.985896" lon="77.609271">
        <time>2026-08-27T10:38:40Z</time>
      </trkpt>
      <trkpt lat="12.985877" lon="77.609251">
        <time>2026-08-27T10:38:41Z</time>
      </trkpt>
      <trkpt lat="12.985858" lon="77.609231">
        <time>2026-08-27T10:38:42Z</time>
      </trkpt>
      <trkpt lat="12.985838" lon="77.609211">
        <time>2026-08-27T10:38:43Z</time>
      </trkpt>
      <trkpt lat="12.985818" lon="77.609191">
        <time>2026-08-27T10:38:44Z</time>
      </trkpt>
      <trkpt lat="12.985800" lon="77.609173">
        <time>2026-08-27T10:38:45Z</time>
      </trkpt>
      <trkpt lat="12.985781" lon="77.609153">
        <time>2026-08-27T10:38:46Z</time>
      </trkpt>
      <trkpt lat="12.985762" lon="77.609133">
        <time>2026-08-27T10:38:47Z</time>
      </trkpt>
      <trkpt lat="12.985742" lon="77.609113">
        <time>2026-08-27T10:38:48Z</time>
      </trkpt>
      <trkpt lat="12.985724" lon="77.609094">
        <time>2026-08-27T10:38:49Z</time>
      </trkpt>
      <trkpt lat="12.985705" lon="77.609075">
        <time>2026-08-27T10:38:50Z</time>
      </trkpt>
      <trkpt lat="12.985686" lon="77.609055">
        <time>2026-08-27T10:38:51Z</time>
      </trkpt>
      <trkpt lat="12.985668" lon="77.609036">
        <time>2026-08-27T10:38:52Z</time>
      </trkpt>
      <trkpt lat="12.985650" lon="77.609018">
        <time>2026-08-27T10:38:53Z</time>
      </trkpt>
      <trkpt lat="12.985630" lon="77.608998">
        <time>2026-08-27T10:38:54Z</time>
      </trkpt>
      <trkpt lat="12.985611" lon="77.608979">
        <time>2026-08-27T10:38:55Z</time>
      </trkpt>
      <trkpt lat="12.985594" lon="77.608960">
        <time>2026-08-27T10:38:56Z</time>
      </trkpt>
      <trkpt lat="12.985574" lon="77.608941">
        <time>2026-08-27T10:38:57Z</time>
      </trkpt>
      <trkpt lat="12.985556" lon="77.608922">
        <time>2026-08-27T10:38:58Z</time>
      </trkpt>
      <trkpt lat="12.985536" lon="77.608901">
        <time>2026-08-27T10:38:59Z</time>
      </trkpt>
      <trkpt lat="12.985515" lon="77.608880">
        <time>2026-08-27T10:39:00Z</time>
      </trkpt>
      <trkpt lat="12.985496" lon="77.608861">
        <time>2026-08-27T10:39:01Z</time>
      </trkpt>
      <trkpt lat="12.985478" lon="77.608842">
        <time>2026-08-27T10:39:02Z</time>
      </trkpt>
      <trkpt lat="12.985459" lon="77.608823">
        <time>2026-08-27T10:39:03Z</time>
      </trkpt>
      <trkpt lat="12.985441" lon="77.608804">
        <time>2026-08-27T10:39:04Z</time>
      </trkpt>
      <trkpt lat="12.985420" lon="77.608783">
        <time>2026-08-27T10:39:05Z</time>
      </trkpt>
      <trkpt lat="12.985401" lon="77.608763">
        <time>2026-08-27T10:39:06Z</time>
      </trkpt>
      <trkpt lat="12.985381" lon="77.608743">
        <time>2026-08-27T10:39:07Z</time>
      </trkpt>
      <trkpt lat="12.985362" lon="77.608722">
        <time>2026-08-27T10:39:08Z</time>
      </trkpt>
      <trkpt lat="12.985343" lon="77.608703">
        <time>2026-08-27T10:39:09Z</time>
      </trkpt>
      <trkpt lat="12.985323" lon="77.608682">
        <time>2026-08-27T10:39:10Z</time>
      </trkpt>
      <trkpt lat="12.985304" lon="77.608663">
        <time>2026-08-27T10:39:11Z</time>
      </trkpt>
      <trkpt lat="12.985284" lon="77.608643">
        <time>2026-08-27T10:39:12Z</time>
      </trkpt>
      <trkpt lat="12.985265" lon="77.608624">
        <time>2026-08-27T10:39:13Z</time>
      </trkpt>
      <trkpt lat="12.985246" lon="77.608603">
        <time>2026-08-27T10:39:14Z</time>
      </trkpt>
      <trkpt lat="12.985226" lon="77.608583">
        <time>2026-08-27T10:39:15Z</time>
      </trkpt>
      <trkpt lat="12.985205" lon="77.608562">
        <time>2026-08-27T10:39:16Z</time>
      </trkpt>
      <trkpt lat="12.985187" lon="77.608543">
        <time>2026-08-27T10:39:17Z</time>
      </trkpt>
      <trkpt lat="12.985166" lon="77.608521">
        <time>2026-08-27T10:39:18Z</time>
      </trkpt>
      <trkpt lat="12.985145" lon="77.608500">
        <time>2026-08-27T10:39:19Z</time>
      </trkpt>
      <trkpt lat="12.985126" lon="77.608481">
        <time>2026-08-27T10:39:20Z</time>
      </trkpt>
      <trkpt lat="12.985107" lon="77.608461">
        <time>2026-08-27T10:39:21Z</time>
      </trkpt>
      <trkpt lat="12.985086" lon="77.608440">
        <time>2026-08-27T10:39:22Z</time>
      </trkpt>
      <trkpt lat="12.985066" lon="77.608419">
        <time>2026-08-27T10:39:23Z</time>
      </trkpt>
      <trkpt lat="12.985046" lon="77.608399">
        <time>2026-08-27T10:39:24Z</time>
      </trkpt>
      <trkpt lat="12.985027" lon="77.608379">
        <time>2026-08-27T10:39:25Z</time>
      </trkpt>
      <trkpt lat="12.985007" lon="77.608359">
        <time>2026-08-27T10:39:26Z</time>
      </trkpt>
      <trkpt lat="12.984988" lon="77.608339">
        <time>2026-08-27T10:39:27Z</time>
      </trkpt>
      <trkpt lat="12.984968" lon="77.608318">
        <time>2026-08-27T10:39:28Z</time>
      </trkpt>
      <trkpt lat="12.984949" lon="77.608299">
        <time>2026-08-27T10:39:29Z</time>
      </trkpt>
      <trkpt lat="12.984929" lon="77.608278">
        <time>2026-08-27T10:39:30Z</time>
      </trkpt>
      <trkpt lat="12.984911" lon="77.608260">
        <time>2026-08-27T10:39:31Z</time>
      </trkpt>
      <trkpt lat="12.984893" lon="77.608241">
        <time>2026-08-27T10:39:32Z</time>
      </trkpt>
      <trkpt lat="12.984874" lon="77.608222">
        <time>2026-08-27T10:39:33Z</time>
      </trkpt>
      <trkpt lat="12.984855" lon="77.608203">
        <time>2026-08-27T10:39:34Z</time>
      </trkpt>
      <trkpt lat="12.984835" lon="77.608182">
        <time>2026-08-27T10:39:35Z</time>
      </trkpt>
      <trkpt lat="12.984815" lon="77.608161">
        <time>2026-08-27T10:39:36Z</time>
      </trkpt>
      <trkpt lat="12.984796" lon="77.608142">
        <time>2026-08-27T10:39:37Z</time>
      </trkpt>
      <trkpt lat="12.984777" lon="77.608122">
        <time>2026-08-27T10:39:38Z</time>
      </trkpt>
      <trkpt lat="12.984757" lon="77.608102">
        <time>2026-08-27T10:39:39Z</time>
      </trkpt>
      <trkpt lat="12.984739" lon="77.608084">
        <time>2026-08-27T10:39:40Z</time>
      </trkpt>
      <trkpt lat="12.984720" lon="77.608064">
        <time>2026-08-27T10:39:41Z</time>
      </trkpt>
      <trkpt lat="12.984701" lon="77.608044">
        <time>2026-08-27T10:39:42Z</time>
      </trkpt>
      <trkpt lat="12.984682" lon="77.608025">
        <time>2026-08-27T10:39:43Z</time>
      </trkpt>
      <trkpt lat="12.984662" lon="77.608004">
        <time>2026-08-27T10:39:44Z</time>
      </trkpt>
      <trkpt lat="12.984643" lon="77.607985">
        <time>2026-08-27T10:39:45Z</time>
      </trkpt>
      <trkpt lat="12.984623" lon="77.607965">
        <time>2026-08-27T10:39:46Z</time>
      </trkpt>
      <trkpt lat="12.984604" lon="77.607945">
        <time>2026-08-27T10:39:47Z</time>
      </trkpt>
      <trkpt lat="12.984585" lon="77.607926">
        <time>2026-08-27T10:39:48Z</time>
      </trkpt>
      <trkpt lat="12.984566" lon="77.607906">
        <time>2026-08-27T10:39:49Z</time>
      </trkpt>
      <trkpt lat="12.984546" lon="77.607886">
        <time>2026-08-27T10:39:50Z</time>
      </trkpt>
      <trkpt lat="12.984526" lon="77.607865">
        <time>2026-08-27T10:39:51Z</time>
      </trkpt>
      <trkpt lat="12.984505" lon="77.607844">
        <time>2026-08-27T10:39:52Z</time>
      </trkpt>
      <trkpt lat="12.984487" lon="77.607825">
        <time>2026-08-27T10:39:53Z</time>
      </trkpt>
      <trkpt lat="12.984468" lon="77.607806">
        <time>2026-08-27T10:39:54Z</time>
      </trkpt>
      <trkpt lat="12.984449" lon="77.607786">
        <time>2026-08-27T10:39:55Z</time>
      </trkpt>
      <trkpt lat="12.984431" lon="77.607768">
        <time>2026-08-27T10:39:56Z</time>
      </trkpt>
      <trkpt lat="12.984413" lon="77.607749">
        <time>2026-08-27T10:39:57Z</time>
      </trkpt>
      <trkpt lat="12.984395" lon="77.607730">
        <time>2026-08-27T10:39:58Z</time>
      </trkpt>
      <trkpt lat="12.984375" lon="77.607710">
        <time>2026-08-27T10:39:59Z</time>
      </trkpt>
      <trkpt lat="12.984355" lon="77.607689">
        <time>2026-08-27T10:40:00Z</time>
      </trkpt>
      <trkpt lat="12.984337" lon="77.607671">
        <time>2026-08-27T10:40:01Z</time>
      </trkpt>
      <trkpt lat="12.984319" lon="77.607652">
        <time>2026-08-27T10:40:02Z</time>
      </trkpt>
      <trkpt lat="12.984299" lon="77.607632">
        <time>2026-08-27T10:40:03Z</time>
      </trkpt>
      <trkpt lat="12.984281" lon="77.607613">
        <time>2026-08-27T10:40:04Z</time>
      </trkpt>
      <trkpt lat="12.984261" lon="77.607593">
        <time>2026-08-27T10:40:05Z</time>
      </trkpt>
      <trkpt lat="12.984243" lon="77.607574">
        <time>2026-08-27T10:40:06Z</time>
      </trkpt>
      <trkpt lat="12.984223" lon="77.607553">
        <time>2026-08-27T10:40:07Z</time>
      </trkpt>
      <trkpt lat="12.984205" lon="77.607535">
        <time>2026-08-27T10:40:08Z</time>
      </trkpt>
      <trkpt lat="12.984185" lon="77.607515">
        <time>2026-08-27T10:40:09Z</time>
      </trkpt>
      <trkpt lat="12.984166" lon="77.607495">
        <time>2026-08-27T10:40:10Z</time>
      </trkpt>
      <trkpt lat="12.984147" lon="77.607476">
        <time>2026-08-27T10:40:11Z</time>
      </trkpt>
      <trkpt lat="12.984128" lon="77.607456">
        <time>2026-08-27T10:40:12Z</time>
      </trkpt>
      <trkpt lat="12.984110" lon="77.607438">
        <time>2026-08-27T10:40:13Z</time>
      </trkpt>
      <trkpt lat="12.984090" lon="77.607417">
        <time>2026-08-27T10:40:14Z</time>
      </trkpt>
      <trkpt lat="12.984070" lon="77.607397">
        <time>2026-08-27T10:40:15Z</time>
      </trkpt>
      <trkpt lat="12.984050" lon="77.607376">
        <time>2026-08-27T10:40:16Z</time>
      </trkpt>
      <trkpt lat="12.984030" lon="77.607356">
        <time>2026-08-27T10:40:17Z</time>
      </trkpt>
      <trkpt lat="12.984011" lon="77.607337">
        <time>2026-08-27T10:40:18Z</time>
      </trkpt>
      <trkpt lat="12.983994" lon="77.607318">
        <time>2026-08-27T10:40:19Z</time>
      </trkpt>
      <trkpt lat="12.983975" lon="77.607300">
        <time>2026-08-27T10:40:20Z</time>
      </trkpt>
      <trkpt lat="12.983955" lon="77.607279">
        <time>2026-08-27T10:40:21Z</time>
      </trkpt>
      <trkpt lat="12.983936" lon="77.607260">
        <time>2026-08-27T10:40:22Z</time>
      </trkpt>
      <trkpt lat="12.983916" lon="77.607238">
        <time>2026-08-27T10:40:23Z</time>
      </trkpt>
      <trkpt lat="12.983895" lon="77.607217">
        <time>2026-08-27T10:40:24Z</time>
      </trkpt>
      <trkpt lat="12.983876" lon="77.607197">
        <time>2026-08-27T10:40:25Z</time>
      </trkpt>
      <trkpt lat="12.983857" lon="77.607178">
        <time>2026-08-27T10:40:26Z</time>
      </trkpt>
      <trkpt lat="12.983837" lon="77.607158">
        <time>2026-08-27T10:40:27Z</time>
      </trkpt>
      <trkpt lat="12.983817" lon="77.607138">
        <time>2026-08-27T10:40:28Z</time>
      </trkpt>
      <trkpt lat="12.983799" lon="77.607119">
        <time>2026-08-27T10:40:29Z</time>
      </trkpt>
      <trkpt lat="12.983781" lon="77.607100">
        <time>2026-08-27T10:40:30Z</time>
      </trkpt>
      <trkpt lat="12.983762" lon="77.607081">
        <time>2026-08-27T10:40:31Z</time>
      </trkpt>
      <trkpt lat="12.983744" lon="77.607063">
        <time>2026-08-27T10:40:32Z</time>
      </trkpt>
      <trkpt lat="12.983726" lon="77.607044">
        <time>2026-08-27T10:40:33Z</time>
      </trkpt>
      <trkpt lat="12.983707" lon="77.607024">
        <time>2026-08-27T10:40:34Z</time>
      </trkpt>
      <trkpt lat="12.983689" lon="77.607006">
        <time>2026-08-27T10:40:35Z</time>
      </trkpt>
      <trkpt lat="12.983671" lon="77.606987">
        <time>2026-08-27T10:40:36Z</time>
      </trkpt>
      <trkpt lat="12.983651" lon="77.606967">
        <time>2026-08-27T10:40:37Z</time>
      </trkpt>
      <trkpt lat="12.983633" lon="77.606949">
        <time>2026-08-27T10:40:38Z</time>
      </trkpt>
      <trkpt lat="12.983614" lon="77.606929">
        <time>2026-08-27T10:40:39Z</time>
      </trkpt>
      <trkpt lat="12.983593" lon="77.606908">
        <time>2026-08-27T10:40:40Z</time>
      </trkpt>
      <trkpt lat="12.983574" lon="77.606887">
        <time>2026-08-27T10:40:41Z</time>
      </trkpt>
      <trkpt lat="12.983553" lon="77.606867">
        <time>2026-08-27T10:40:42Z</time>
      </trkpt>
      <trkpt lat="12.983533" lon="77.606845">
        <time>2026-08-27T10:40:43Z</time>
      </trkpt>
      <trkpt lat="12.983514" lon="77.606827">
        <time>2026-08-27T10:40:44Z</time>
      </trkpt>
      <trkpt lat="12.983495" lon="77.606807">
        <time>2026-08-27T10:40:45Z</time>
      </trkpt>
      <trkpt lat="12.983475" lon="77.606786">
        <time>2026-08-27T10:40:46Z</time>
      </trkpt>
      <trkpt lat="12.983457" lon="77.606767">
        <time>2026-08-27T10:40:47Z</time>
      </trkpt>
      <trkpt lat="12.983439" lon="77.606749">
        <time>2026-08-27T10:40:48Z</time>
      </trkpt>
      <trkpt lat="12.983420" lon="77.606730">
        <time>2026-08-27T10:40:49Z</time>
      </trkpt>
      <trkpt lat="12.983401" lon="77.606710">
        <time>2026-08-27T10:40:50Z</time>
      </trkpt>
      <trkpt lat="12.983381" lon="77.606689">
        <time>2026-08-27T10:40:51Z</time>
      </trkpt>
      <trkpt lat="12.983361" lon="77.606670">
        <time>2026-08-27T10:40:52Z</time>
      </trkpt>
      <trkpt lat="12.983342" lon="77.606649">
        <time>2026-08-27T10:40:53Z</time>
      </trkpt>
      <trkpt lat="12.983324" lon="77.606631">
        <time>2026-08-27T10:40:54Z</time>
      </trkpt>
      <trkpt lat="12.983303" lon="77.606610">
        <time>2026-08-27T10:40:55Z</time>
      </trkpt>
      <trkpt lat="12.983285" lon="77.606591">
        <time>2026-08-27T10:40:56Z</time>
      </trkpt>
      <trkpt lat="12.983265" lon="77.606571">
        <time>2026-08-27T10:40:57Z</time>
      </trkpt>
      <trkpt lat="12.983246" lon="77.606551">
        <time>2026-08-27T10:40:58Z</time>
      </trkpt>
      <trkpt lat="12.983227" lon="77.606532">
        <time>2026-08-27T10:40:59Z</time>
      </trkpt>
      <trkpt lat="12.983206" lon="77.606510">
        <time>2026-08-27T10:41:00Z</time>
      </trkpt>
      <trkpt lat="12.983185" lon="77.606489">
        <time>2026-08-27T10:41:01Z</time>
      </trkpt>
      <trkpt lat="12.983165" lon="77.606468">
        <time>2026-08-27T10:41:02Z</time>
      </trkpt>
      <trkpt lat="12.983147" lon="77.606449">
        <time>2026-08-27T10:41:03Z</time>
      </trkpt>
      <trkpt lat="12.983127" lon="77.606429">
        <time>2026-08-27T10:41:04Z</time>
      </trkpt>
      <trkpt lat="12.983108" lon="77.606410">
        <time>2026-08-27T10:41:05Z</time>
      </trkpt>
      <trkpt lat="12.983087" lon="77.606389">
        <time>2026-08-27T10:41:06Z</time>
      </trkpt>
      <trkpt lat="12.983068" lon="77.606369">
        <time>2026-08-27T10:41:07Z</time>
      </trkpt>
      <trkpt lat="12.983050" lon="77.606350">
        <time>2026-08-27T10:41:08Z</time>
      </trkpt>
      <trkpt lat="12.983030" lon="77.606329">
        <time>2026-08-27T10:41:09Z</time>
      </trkpt>
      <trkpt lat="12.983011" lon="77.606310">
        <time>2026-08-27T10:41:10Z</time>
      </trkpt>
      <trkpt lat="12.982991" lon="77.606289">
        <time>2026-08-27T10:41:11Z</time>
      </trkpt>
      <trkpt lat="12.982972" lon="77.606270">
        <time>2026-08-27T10:41:12Z</time>
      </trkpt>
      <trkpt lat="12.982953" lon="77.606251">
        <time>2026-08-27T10:41:13Z</time>
      </trkpt>
      <trkpt lat="12.982934" lon="77.606231">
        <time>2026-08-27T10:41:14Z</time>
      </trkpt>
      <trkpt lat="12.982916" lon="77.606213">
        <time>2026-08-27T10:41:15Z</time>
      </trkpt>
      <trkpt lat="12.982897" lon="77.606193">
        <time>2026-08-27T10:41:16Z</time>
      </trkpt>
      <trkpt lat="12.982878" lon="77.606174">
        <time>2026-08-27T10:41:17Z</time>
      </trkpt>
      <trkpt lat="12.982858" lon="77.606153">
        <time>2026-08-27T10:41:18Z</time>
      </trkpt>
      <trkpt lat="12.982840" lon="77.606134">
        <time>2026-08-27T10:41:19Z</time>
      </trkpt>
      <trkpt lat="12.982819" lon="77.606113">
        <time>2026-08-27T10:41:20Z</time>
      </trkpt>
      <trkpt lat="12.982800" lon="77.606094">
        <time>2026-08-27T10:41:21Z</time>
      </trkpt>
      <trkpt lat="12.982782" lon="77.606075">
        <time>2026-08-27T10:41:22Z</time>
      </trkpt>
      <trkpt lat="12.982763" lon="77.606056">
        <time>2026-08-27T10:41:23Z</time>
      </trkpt>
      <trkpt lat="12.982743" lon="77.606035">
        <time>2026-08-27T10:41:24Z</time>
      </trkpt>
      <trkpt lat="12.982723" lon="77.606014">
        <time>2026-08-27T10:41:25Z</time>
      </trkpt>
      <trkpt lat="12.982702" lon="77.605993">
        <time>2026-08-27T10:41:26Z</time>
      </trkpt>
      <trkpt lat="12.982683" lon="77.605974">
        <time>2026-08-27T10:41:27Z</time>
      </trkpt>
      <trkpt lat="12.982663" lon="77.605953">
        <time>2026-08-27T10:41:28Z</time>
      </trkpt>
      <trkpt lat="12.982645" lon="77.605935">
        <time>2026-08-27T10:41:29Z</time>
      </trkpt>
      <trkpt lat="12.982626" lon="77.605915">
        <time>2026-08-27T10:41:30Z</time>
      </trkpt>
      <trkpt lat="12.982607" lon="77.605895">
        <time>2026-08-27T10:41:31Z</time>
      </trkpt>
      <trkpt lat="12.982588" lon="77.605876">
        <time>2026-08-27T10:41:32Z</time>
      </trkpt>
      <trkpt lat="12.982568" lon="77.605855">
        <time>2026-08-27T10:41:33Z</time>
      </trkpt>
      <trkpt lat="12.982548" lon="77.605835">
        <time>2026-08-27T10:41:34Z</time>
      </trkpt>
      <trkpt lat="12.982530" lon="77.605816">
        <time>2026-08-27T10:41:35Z</time>
      </trkpt>
      <trkpt lat="12.982510" lon="77.605796">
        <time>2026-08-27T10:41:36Z</time>
      </trkpt>
      <trkpt lat="12.982490" lon="77.605776">
        <time>2026-08-27T10:41:37Z</time>
      </trkpt>
      <trkpt lat="12.982471" lon="77.605756">
        <time>2026-08-27T10:41:38Z</time>
      </trkpt>
      <trkpt lat="12.982451" lon="77.605736">
        <time>2026-08-27T10:41:39Z</time>
      </trkpt>
      <trkpt lat="12.982432" lon="77.605716">
        <time>2026-08-27T10:41:40Z</time>
      </trkpt>
      <trkpt lat="12.982412" lon="77.605695">
        <time>2026-08-27T10:41:41Z</time>
      </trkpt>
      <trkpt lat="12.982394" lon="77.605677">
        <time>2026-08-27T10:41:42Z</time>
      </trkpt>
      <trkpt lat="12.982375" lon="77.605658">
        <time>2026-08-27T10:41:43Z</time>
      </trkpt>
      <trkpt lat="12.982357" lon="77.605639">
        <time>2026-08-27T10:41:44Z</time>
      </trkpt>
      <trkpt lat="12.982337" lon="77.605619">
        <time>2026-08-27T10:41:45Z</time>
      </trkpt>
      <trkpt lat="12.982317" lon="77.605598">
        <time>2026-08-27T10:41:46Z</time>
      </trkpt>
      <trkpt lat="12.982299" lon="77.605579">
        <time>2026-08-27T10:41:47Z</time>
      </trkpt>
      <trkpt lat="12.982281" lon="77.605561">
        <time>2026-08-27T10:41:48Z</time>
      </trkpt>
      <trkpt lat="12.982261" lon="77.605540">
        <time>2026-08-27T10:41:49Z</time>
      </trkpt>
      <trkpt lat="12.982241" lon="77.605520">
        <time>2026-08-27T10:41:50Z</time>
      </trkpt>
      <trkpt lat="12.982221" lon="77.605499">
        <time>2026-08-27T10:41:51Z</time>
      </trkpt>
      <trkpt lat="12.982202" lon="77.605480">
        <time>2026-08-27T10:41:52Z</time>
      </trkpt>
      <trkpt lat="12.982182" lon="77.605460">
        <time>2026-08-27T10:41:53Z</time>
      </trkpt>
      <trkpt lat="12.982162" lon="77.605438">
        <time>2026-08-27T10:41:54Z</time>
      </trkpt>
      <trkpt lat="12.982142" lon="77.605419">
        <time>2026-08-27T10:41:55Z</time>
      </trkpt>
      <trkpt lat="12.982124" lon="77.605399">
        <time>2026-08-27T10:41:56Z</time>
      </trkpt>
      <trkpt lat="12.982104" lon="77.605380">
        <time>2026-08-27T10:41:57Z</time>
      </trkpt>
      <trkpt lat="12.982085" lon="77.605359">
        <time>2026-08-27T10:41:58Z</time>
      </trkpt>
      <trkpt lat="12.982065" lon="77.605339">
        <time>2026-08-27T10:41:59Z</time>
      </trkpt>
      <trkpt lat="12.982047" lon="77.605321">
        <time>2026-08-27T10:42:00Z</time>
      </trkpt>
      <trkpt lat="12.982029" lon="77.605302">
        <time>2026-08-27T10:42:01Z</time>
      </trkpt>
      <trkpt lat="12.982010" lon="77.605283">
        <time>2026-08-27T10:42:02Z</time>
      </trkpt>
      <trkpt lat="12.981990" lon="77.605262">
        <time>2026-08-27T10:42:03Z</time>
      </trkpt>
      <trkpt lat="12.981972" lon="77.605244">
        <time>2026-08-27T10:42:04Z</time>
      </trkpt>
      <trkpt lat="12.981953" lon="77.605224">
        <time>2026-08-27T10:42:05Z</time>
      </trkpt>
      <trkpt lat="12.981934" lon="77.605205">
        <time>2026-08-27T10:42:06Z</time>
      </trkpt>
      <trkpt lat="12.981916" lon="77.605186">
        <time>2026-08-27T10:42:07Z</time>
      </trkpt>
      <trkpt lat="12.981898" lon="77.605167">
        <time>2026-08-27T10:42:08Z</time>
      </trkpt>
      <trkpt lat="12.981880" lon="77.605149">
        <time>2026-08-27T10:42:09Z</time>
      </trkpt>
      <trkpt lat="12.981860" lon="77.605129">
        <time>2026-08-27T10:42:10Z</time>
      </trkpt>
      <trkpt lat="12.981840" lon="77.605108">
        <time>2026-08-27T10:42:11Z</time>
      </trkpt>
      <trkpt lat="12.981820" lon="77.605088">
        <time>2026-08-27T10:42:12Z</time>
      </trkpt>
      <trkpt lat="12.981801" lon="77.605069">
        <time>2026-08-27T10:42:13Z</time>
      </trkpt>
      <trkpt lat="12.981782" lon="77.605049">
        <time>2026-08-27T10:42:14Z</time>
      </trkpt>
      <trkpt lat="12.981763" lon="77.605030">
        <time>2026-08-27T10:42:15Z</time>
      </trkpt>
      <trkpt lat="12.981744" lon="77.605010">
        <time>2026-08-27T10:42:16Z</time>
      </trkpt>
      <trkpt lat="12.981725" lon="77.604990">
        <time>2026-08-27T10:42:17Z</time>
      </trkpt>
      <trkpt lat="12.981706" lon="77.604971">
        <time>2026-08-27T10:42:18Z</time>
      </trkpt>
      <trkpt lat="12.981687" lon="77.604951">
        <time>2026-08-27T10:42:19Z</time>
      </trkpt>
      <trkpt lat="12.981669" lon="77.604933">
        <time>2026-08-27T10:42:20Z</time>
      </trkpt>
      <trkpt lat="12.981651" lon="77.604914">
        <time>2026-08-27T10:42:21Z</time>
      </trkpt>
      <trkpt lat="12.981632" lon="77.604895">
        <time>2026-08-27T10:42:22Z</time>
      </trkpt>
      <trkpt lat="12.981613" lon="77.604875">
        <time>2026-08-27T10:42:23Z</time>
      </trkpt>
      <trkpt lat="12.981592" lon="77.604854">
        <time>2026-08-27T10:42:24Z</time>
      </trkpt>
      <trkpt lat="12.981573" lon="77.604834">
        <time>2026-08-27T10:42:25Z</time>
      </trkpt>
      <trkpt lat="12.981554" lon="77.604815">
        <time>2026-08-27T10:42:26Z</time>
      </trkpt>
      <trkpt lat="12.981535" lon="77.604795">
        <time>2026-08-27T10:42:27Z</time>
      </trkpt>
      <trkpt lat="12.981515" lon="77.604775">
        <time>2026-08-27T10:42:28Z</time>
      </trkpt>
      <trkpt lat="12.981497" lon="77.604756">
        <time>2026-08-27T10:42:29Z</time>
      </trkpt>
      <trkpt lat="12.981477" lon="77.604736">
        <time>2026-08-27T10:42:30Z</time>
      </trkpt>
      <trkpt lat="12.981459" lon="77.604717">
        <time>2026-08-27T10:42:31Z</time>
      </trkpt>
      <trkpt lat="12.981438" lon="77.604696">
        <time>2026-08-27T10:42:32Z</time>
      </trkpt>
      <trkpt lat="12.981420" lon="77.604677">
        <time>2026-08-27T10:42:33Z</time>
      </trkpt>
      <trkpt lat="12.981402" lon="77.604659">
        <time>2026-08-27T10:42:34Z</time>
      </trkpt>
      <trkpt lat="12.981384" lon="77.604640">
        <time>2026-08-27T10:42:35Z</time>
      </trkpt>
      <trkpt lat="12.981364" lon="77.604620">
        <time>2026-08-27T10:42:36Z</time>
      </trkpt>
      <trkpt lat="12.981345" lon="77.604600">
        <time>2026-08-27T10:42:37Z</time>
      </trkpt>
      <trkpt lat="12.981325" lon="77.604580">
        <time>2026-08-27T10:42:38Z</time>
      </trkpt>
      <trkpt lat="12.981307" lon="77.604561">
        <time>2026-08-27T10:42:39Z</time>
      </trkpt>
      <trkpt lat="12.981286" lon="77.604540">
        <time>2026-08-27T10:42:40Z</time>
      </trkpt>
      <trkpt lat="12.981266" lon="77.604519">
        <time>2026-08-27T10:42:41Z</time>
      </trkpt>
      <trkpt lat="12.981247" lon="77.604500">
        <time>2026-08-27T10:42:42Z</time>
      </trkpt>
      <trkpt lat="12.981229" lon="77.604481">
        <time>2026-08-27T10:42:43Z</time>
      </trkpt>
      <trkpt lat="12.981211" lon="77.604463">
        <time>2026-08-27T10:42:44Z</time>
      </trkpt>
      <trkpt lat="12.981193" lon="77.604444">
        <time>2026-08-27T10:42:45Z</time>
      </trkpt>
      <trkpt lat="12.981173" lon="77.604424">
        <time>2026-08-27T10:42:46Z</time>
      </trkpt>
      <trkpt lat="12.981154" lon="77.604404">
        <time>2026-08-27T10:42:47Z</time>
      </trkpt>
      <trkpt lat="12.981135" lon="77.604385">
        <time>2026-08-27T10:42:48Z</time>
      </trkpt>
      <trkpt lat="12.981117" lon="77.604366">
        <time>2026-08-27T10:42:49Z</time>
      </trkpt>
      <trkpt lat="12.981098" lon="77.604347">
        <time>2026-08-27T10:42:50Z</time>
      </trkpt>
      <trkpt lat="12.981078" lon="77.604327">
        <time>2026-08-27T10:42:51Z</time>
      </trkpt>
      <trkpt lat="12.981059" lon="77.604307">
        <time>2026-08-27T10:42:52Z</time>
      </trkpt>
      <trkpt lat="12.981041" lon="77.604288">
        <time>2026-08-27T10:42:53Z</time>
      </trkpt>
      <trkpt lat="12.981020" lon="77.604267">
        <time>2026-08-27T10:42:54Z</time>
      </trkpt>
      <trkpt lat="12.981001" lon="77.604247">
        <time>2026-08-27T10:42:55Z</time>
      </trkpt>
      <trkpt lat="12.980980" lon="77.604226">
        <time>2026-08-27T10:42:56Z</time>
      </trkpt>
      <trkpt lat="12.980961" lon="77.604206">
        <time>2026-08-27T10:42:57Z</time>
      </trkpt>
      <trkpt lat="12.980941" lon="77.604186">
        <time>2026-08-27T10:42:58Z</time>
      </trkpt>
      <trkpt lat="12.980922" lon="77.604166">
        <time>2026-08-27T10:42:59Z</time>
      </trkpt>
      <trkpt lat="12.980902" lon="77.604146">
        <time>2026-08-27T10:43:00Z</time>
      </trkpt>
      <trkpt lat="12.980883" lon="77.604127">
        <time>2026-08-27T10:43:01Z</time>
      </trkpt>
      <trkpt lat="12.980863" lon="77.604106">
        <time>2026-08-27T10:43:02Z</time>
      </trkpt>
      <trkpt lat="12.980845" lon="77.604087">
        <time>2026-08-27T10:43:03Z</time>
      </trkpt>
      <trkpt lat="12.980825" lon="77.604067">
        <time>2026-08-27T10:43:04Z</time>
      </trkpt>
      <trkpt lat="12.980806" lon="77.604048">
        <time>2026-08-27T10:43:05Z</time>
      </trkpt>
      <trkpt lat="12.980786" lon="77.604027">
        <time>2026-08-27T10:43:06Z</time>
      </trkpt>
      <trkpt lat="12.980765" lon="77.604006">
        <time>2026-08-27T10:43:07Z</time>
      </trkpt>
      <trkpt lat="12.980745" lon="77.603985">
        <time>2026-08-27T10:43:08Z</time>
      </trkpt>
      <trkpt lat="12.980724" lon="77.603963">
        <time>2026-08-27T10:43:09Z</time>
      </trkpt>
      <trkpt lat="12.980706" lon="77.603945">
        <time>2026-08-27T10:43:10Z</time>
      </trkpt>
      <trkpt lat="12.980687" lon="77.603926">
        <time>2026-08-27T10:43:11Z</time>
      </trkpt>
      <trkpt lat="12.980667" lon="77.603905">
        <time>2026-08-27T10:43:12Z</time>
      </trkpt>
      <trkpt lat="12.980648" lon="77.603886">
        <time>2026-08-27T10:43:13Z</time>
      </trkpt>
      <trkpt lat="12.980630" lon="77.603866">
        <time>2026-08-27T10:43:14Z</time>
      </trkpt>
      <trkpt lat="12.980610" lon="77.603846">
        <time>2026-08-27T10:43:15Z</time>
      </trkpt>
      <trkpt lat="12.980589" lon="77.603825">
        <time>2026-08-27T10:43:16Z</time>
      </trkpt>
      <trkpt lat="12.980570" lon="77.603805">
        <time>2026-08-27T10:43:17Z</time>
      </trkpt>
      <trkpt lat="12.980551" lon="77.603786">
        <time>2026-08-27T10:43:18Z</time>
      </trkpt>
      <trkpt lat="12.980531" lon="77.603765">
        <time>2026-08-27T10:43:19Z</time>
      </trkpt>
      <trkpt lat="12.980511" lon="77.603744">
        <time>2026-08-27T10:43:20Z</time>
      </trkpt>
      <trkpt lat="12.980491" lon="77.603724">
        <time>2026-08-27T10:43:21Z</time>
      </trkpt>
      <trkpt lat="12.980471" lon="77.603703">
        <time>2026-08-27T10:43:22Z</time>
      </trkpt>
      <trkpt lat="12.980451" lon="77.603683">
        <time>2026-08-27T10:43:23Z</time>
      </trkpt>
      <trkpt lat="12.980434" lon="77.603665">
        <time>2026-08-27T10:43:24Z</time>
      </trkpt>
      <trkpt lat="12.980414" lon="77.603645">
        <time>2026-08-27T10:43:25Z</time>
      </trkpt>
      <trkpt lat="12.980393" lon="77.603624">
        <time>2026-08-27T10:43:26Z</time>
      </trkpt>
      <trkpt lat="12.980374" lon="77.603604">
        <time>2026-08-27T10:43:27Z</time>
      </trkpt>
      <trkpt lat="12.980354" lon="77.603584">
        <time>2026-08-27T10:43:28Z</time>
      </trkpt>
      <trkpt lat="12.980334" lon="77.603563">
        <time>2026-08-27T10:43:29Z</time>
      </trkpt>
      <trkpt lat="12.980315" lon="77.603544">
        <time>2026-08-27T10:43:30Z</time>
      </trkpt>
      <trkpt lat="12.980295" lon="77.603522">
        <time>2026-08-27T10:43:31Z</time>
      </trkpt>
      <trkpt lat="12.980275" lon="77.603503">
        <time>2026-08-27T10:43:32Z</time>
      </trkpt>
      <trkpt lat="12.980256" lon="77.603483">
        <time>2026-08-27T10:43:33Z</time>
      </trkpt>
      <trkpt lat="12.980238" lon="77.603464">
        <time>2026-08-27T10:43:34Z</time>
      </trkpt>
      <trkpt lat="12.980220" lon="77.603445">
        <time>2026-08-27T10:43:35Z</time>
      </trkpt>
      <trkpt lat="12.980201" lon="77.603427">
        <time>2026-08-27T10:43:36Z</time>
      </trkpt>
      <trkpt lat="12.980181" lon="77.603406">
        <time>2026-08-27T10:43:37Z</time>
      </trkpt>
      <trkpt lat="12.980160" lon="77.603384">
        <time>2026-08-27T10:43:38Z</time>
      </trkpt>
      <trkpt lat="12.980140" lon="77.603364">
        <time>2026-08-27T10:43:39Z</time>
      </trkpt>
      <trkpt lat="12.980120" lon="77.603343">
        <time>2026-08-27T10:43:40Z</time>
      </trkpt>
      <trkpt lat="12.980102" lon="77.603325">
        <time>2026-08-27T10:43:41Z</time>
      </trkpt>
      <trkpt lat="12.980083" lon="77.603306">
        <time>2026-08-27T10:43:42Z</time>
      </trkpt>
      <trkpt lat="12.980063" lon="77.603285">
        <time>2026-08-27T10:43:43Z</time>
      </trkpt>
      <trkpt lat="12.980044" lon="77.603265">
        <time>2026-08-27T10:43:44Z</time>
      </trkpt>
      <trkpt lat="12.980025" lon="77.603246">
        <time>2026-08-27T10:43:45Z</time>
      </trkpt>
      <trkpt lat="12.980006" lon="77.603226">
        <time>2026-08-27T10:43:46Z</time>
      </trkpt>
      <trkpt lat="12.979985" lon="77.603205">
        <time>2026-08-27T10:43:47Z</time>
      </trkpt>
      <trkpt lat="12.979967" lon="77.603186">
        <time>2026-08-27T10:43:48Z</time>
      </trkpt>
      <trkpt lat="12.979948" lon="77.603166">
        <time>2026-08-27T10:43:49Z</time>
      </trkpt>
      <trkpt lat="12.979928" lon="77.603147">
        <time>2026-08-27T10:43:50Z</time>
      </trkpt>
      <trkpt lat="12.979909" lon="77.603126">
        <time>2026-08-27T10:43:51Z</time>
      </trkpt>
      <trkpt lat="12.979889" lon="77.603106">
        <time>2026-08-27T10:43:52Z</time>
      </trkpt>
      <trkpt lat="12.979871" lon="77.603087">
        <time>2026-08-27T10:43:53Z</time>
      </trkpt>
      <trkpt lat="12.979851" lon="77.603067">
        <time>2026-08-27T10:43:54Z</time>
      </trkpt>
      <trkpt lat="12.979831" lon="77.603047">
        <time>2026-08-27T10:43:55Z</time>
      </trkpt>
      <trkpt lat="12.979812" lon="77.603027">
        <time>2026-08-27T10:43:56Z</time>
      </trkpt>
      <trkpt lat="12.979792" lon="77.603007">
        <time>2026-08-27T10:43:57Z</time>
      </trkpt>
      <trkpt lat="12.979772" lon="77.602986">
        <time>2026-08-27T10:43:58Z</time>
      </trkpt>
      <trkpt lat="12.979752" lon="77.602966">
        <time>2026-08-27T10:43:59Z</time>
      </trkpt>
      <trkpt lat="12.979734" lon="77.602948">
        <time>2026-08-27T10:44:00Z</time>
      </trkpt>
      <trkpt lat="12.979716" lon="77.602929">
        <time>2026-08-27T10:44:01Z</time>
      </trkpt>
      <trkpt lat="12.979696" lon="77.602908">
        <time>2026-08-27T10:44:02Z</time>
      </trkpt>
      <trkpt lat="12.979677" lon="77.602889">
        <time>2026-08-27T10:44:03Z</time>
      </trkpt>
      <trkpt lat="12.979657" lon="77.602868">
        <time>2026-08-27T10:44:04Z</time>
      </trkpt>
      <trkpt lat="12.979638" lon="77.602849">
        <time>2026-08-27T10:44:05Z</time>
      </trkpt>
      <trkpt lat="12.979619" lon="77.602829">
        <time>2026-08-27T10:44:06Z</time>
      </trkpt>
      <trkpt lat="12.979600" lon="77.602810">
        <time>2026-08-27T10:44:07Z</time>
      </trkpt>
      <trkpt lat="12.979582" lon="77.602791">
        <time>2026-08-27T10:44:08Z</time>
      </trkpt>
      <trkpt lat="12.979563" lon="77.602772">
        <time>2026-08-27T10:44:09Z</time>
      </trkpt>
      <trkpt lat="12.979545" lon="77.602753">
        <time>2026-08-27T10:44:10Z</time>
      </trkpt>
      <trkpt lat="12.979526" lon="77.602734">
        <time>2026-08-27T10:44:11Z</time>
      </trkpt>
      <trkpt lat="12.979506" lon="77.602713">
        <time>2026-08-27T10:44:12Z</time>
      </trkpt>
      <trkpt lat="12.979487" lon="77.602694">
        <time>2026-08-27T10:44:13Z</time>
      </trkpt>
      <trkpt lat="12.979468" lon="77.602674">
        <time>2026-08-27T10:44:14Z</time>
      </trkpt>
      <trkpt lat="12.979448" lon="77.602654">
        <time>2026-08-27T10:44:15Z</time>
      </trkpt>
      <trkpt lat="12.979429" lon="77.602634">
        <time>2026-08-27T10:44:16Z</time>
      </trkpt>
      <trkpt lat="12.979410" lon="77.602615">
        <time>2026-08-27T10:44:17Z</time>
      </trkpt>
      <trkpt lat="12.979390" lon="77.602594">
        <time>2026-08-27T10:44:18Z</time>
      </trkpt>
      <trkpt lat="12.979372" lon="77.602575">
        <time>2026-08-27T10:44:19Z</time>
      </trkpt>
      <trkpt lat="12.979353" lon="77.602556">
        <time>2026-08-27T10:44:20Z</time>
      </trkpt>
      <trkpt lat="12.979334" lon="77.602536">
        <time>2026-08-27T10:44:21Z</time>
      </trkpt>
      <trkpt lat="12.979316" lon="77.602518">
        <time>2026-08-27T10:44:22Z</time>
      </trkpt>
      <trkpt lat="12.979295" lon="77.602497">
        <time>2026-08-27T10:44:23Z</time>
      </trkpt>
      <trkpt lat="12.979275" lon="77.602476">
        <time>2026-08-27T10:44:24Z</time>
      </trkpt>
      <trkpt lat="12.979257" lon="77.602457">
        <time>2026-08-27T10:44:25Z</time>
      </trkpt>
      <trkpt lat="12.979239" lon="77.602439">
        <time>2026-08-27T10:44:26Z</time>
      </trkpt>
      <trkpt lat="12.979218" lon="77.602418">
        <time>2026-08-27T10:44:27Z</time>
      </trkpt>
      <trkpt lat="12.979200" lon="77.602399">
        <time>2026-08-27T10:44:28Z</time>
      </trkpt>
      <trkpt lat="12.979182" lon="77.602381">
        <time>2026-08-27T10:44:29Z</time>
      </trkpt>
      <trkpt lat="12.979164" lon="77.602362">
        <time>2026-08-27T10:44:30Z</time>
      </trkpt>
      <trkpt lat="12.979144" lon="77.602342">
        <time>2026-08-27T10:44:31Z</time>
      </trkpt>
      <trkpt lat="12.979124" lon="77.602322">
        <time>2026-08-27T10:44:32Z</time>
      </trkpt>
      <trkpt lat="12.979105" lon="77.602302">
        <time>2026-08-27T10:44:33Z</time>
      </trkpt>
      <trkpt lat="12.979088" lon="77.602284">
        <time>2026-08-27T10:44:34Z</time>
      </trkpt>
      <trkpt lat="12.979070" lon="77.602265">
        <time>2026-08-27T10:44:35Z</time>
      </trkpt>
      <trkpt lat="12.979051" lon="77.602246">
        <time>2026-08-27T10:44:36Z</time>
      </trkpt>
      <trkpt lat="12.979031" lon="77.602226">
        <time>2026-08-27T10:44:37Z</time>
      </trkpt>
      <trkpt lat="12.979013" lon="77.602207">
        <time>2026-08-27T10:44:38Z</time>
      </trkpt>
      <trkpt lat="12.978993" lon="77.602187">
        <time>2026-08-27T10:44:39Z</time>
      </trkpt>
      <trkpt lat="12.978974" lon="77.602167">
        <time>2026-08-27T10:44:40Z</time>
      </trkpt>
      <trkpt lat="12.978955" lon="77.602148">
        <time>2026-08-27T10:44:41Z</time>
      </trkpt>
      <trkpt lat="12.978936" lon="77.602128">
        <time>2026-08-27T10:44:42Z</time>
      </trkpt>
      <trkpt lat="12.978916" lon="77.602107">
        <time>2026-08-27T10:44:43Z</time>
      </trkpt>
      <trkpt lat="12.978895" lon="77.602087">
        <time>2026-08-27T10:44:44Z</time>
      </trkpt>
      <trkpt lat="12.978878" lon="77.602068">
        <time>2026-08-27T10:44:45Z</time>
      </trkpt>
      <trkpt lat="12.978858" lon="77.602048">
        <time>2026-08-27T10:44:46Z</time>
      </trkpt>
      <trkpt lat="12.978838" lon="77.602028">
        <time>2026-08-27T10:44:47Z</time>
      </trkpt>
      <trkpt lat="12.978820" lon="77.602009">
        <time>2026-08-27T10:44:48Z</time>
      </trkpt>
      <trkpt lat="12.978801" lon="77.601989">
        <time>2026-08-27T10:44:49Z</time>
      </trkpt>
      <trkpt lat="12.978781" lon="77.601969">
        <time>2026-08-27T10:44:50Z</time>
      </trkpt>
      <trkpt lat="12.978763" lon="77.601950">
        <time>2026-08-27T10:44:51Z</time>
      </trkpt>
      <trkpt lat="12.978743" lon="77.601930">
        <time>2026-08-27T10:44:52Z</time>
      </trkpt>
      <trkpt lat="12.978723" lon="77.601910">
        <time>2026-08-27T10:44:53Z</time>
      </trkpt>
      <trkpt lat="12.978704" lon="77.601890">
        <time>2026-08-27T10:44:54Z</time>
      </trkpt>
      <trkpt lat="12.978683" lon="77.601869">
        <time>2026-08-27T10:44:55Z</time>
      </trkpt>
      <trkpt lat="12.978664" lon="77.601849">
        <time>2026-08-27T10:44:56Z</time>
      </trkpt>
      <trkpt lat="12.978646" lon="77.601830">
        <time>2026-08-27T10:44:57Z</time>
      </trkpt>
      <trkpt lat="12.978628" lon="77.601812">
        <time>2026-08-27T10:44:58Z</time>
      </trkpt>
      <trkpt lat="12.978608" lon="77.601791">
        <time>2026-08-27T10:44:59Z</time>
      </trkpt>
      <trkpt lat="12.978588" lon="77.601771">
        <time>2026-08-27T10:45:00Z</time>
      </trkpt>
      <trkpt lat="12.978568" lon="77.601750">
        <time>2026-08-27T10:45:01Z</time>
      </trkpt>
      <trkpt lat="12.978549" lon="77.601731">
        <time>2026-08-27T10:45:02Z</time>
      </trkpt>
      <trkpt lat="12.978529" lon="77.601710">
        <time>2026-08-27T10:45:03Z</time>
      </trkpt>
      <trkpt lat="12.978510" lon="77.601691">
        <time>2026-08-27T10:45:04Z</time>
      </trkpt>
      <trkpt lat="12.978490" lon="77.601670">
        <time>2026-08-27T10:45:05Z</time>
      </trkpt>
      <trkpt lat="12.978469" lon="77.601649">
        <time>2026-08-27T10:45:06Z</time>
      </trkpt>
      <trkpt lat="12.978451" lon="77.601631">
        <time>2026-08-27T10:45:07Z</time>
      </trkpt>
      <trkpt lat="12.978431" lon="77.601610">
        <time>2026-08-27T10:45:08Z</time>
      </trkpt>
      <trkpt lat="12.978411" lon="77.601589">
        <time>2026-08-27T10:45:09Z</time>
      </trkpt>
      <trkpt lat="12.978391" lon="77.601569">
        <time>2026-08-27T10:45:10Z</time>
      </trkpt>
      <trkpt lat="12.978373" lon="77.601550">
        <time>2026-08-27T10:45:11Z</time>
      </trkpt>
      <trkpt lat="12.978355" lon="77.601532">
        <time>2026-08-27T10:45:12Z</time>
      </trkpt>
      <trkpt lat="12.978335" lon="77.601512">
        <time>2026-08-27T10:45:13Z</time>
      </trkpt>
      <trkpt lat="12.978316" lon="77.601492">
        <time>2026-08-27T10:45:14Z</time>
      </trkpt>
      <trkpt lat="12.978296" lon="77.601471">
        <time>2026-08-27T10:45:15Z</time>
      </trkpt>
      <trkpt lat="12.978276" lon="77.601451">
        <time>2026-08-27T10:45:16Z</time>
      </trkpt>
      <trkpt lat="12.978256" lon="77.601430">
        <time>2026-08-27T10:45:17Z</time>
      </trkpt>
      <trkpt lat="12.978236" lon="77.601409">
        <time>2026-08-27T10:45:18Z</time>
      </trkpt>
      <trkpt lat="12.978216" lon="77.601389">
        <time>2026-08-27T10:45:19Z</time>
      </trkpt>
      <trkpt lat="12.978196" lon="77.601369">
        <time>2026-08-27T10:45:20Z</time>
      </trkpt>
      <trkpt lat="12.978175" lon="77.601348">
        <time>2026-08-27T10:45:21Z</time>
      </trkpt>
      <trkpt lat="12.978155" lon="77.601327">
        <time>2026-08-27T10:45:22Z</time>
      </trkpt>
      <trkpt lat="12.978134" lon="77.601306">
        <time>2026-08-27T10:45:23Z</time>
      </trkpt>
      <trkpt lat="12.978114" lon="77.601285">
        <time>2026-08-27T10:45:24Z</time>
      </trkpt>
      <trkpt lat="12.978093" lon="77.601264">
        <time>2026-08-27T10:45:25Z</time>
      </trkpt>
      <trkpt lat="12.978074" lon="77.601243">
        <time>2026-08-27T10:45:26Z</time>
      </trkpt>
      <trkpt lat="12.978056" lon="77.601225">
        <time>2026-08-27T10:45:27Z</time>
      </trkpt>
      <trkpt lat="12.978037" lon="77.601205">
        <time>2026-08-27T10:45:28Z</time>
      </trkpt>
      <trkpt lat="12.978016" lon="77.601184">
        <time>2026-08-27T10:45:29Z</time>
      </trkpt>
      <trkpt lat="12.977998" lon="77.601166">
        <time>2026-08-27T10:45:30Z</time>
      </trkpt>
      <trkpt lat="12.977978" lon="77.601145">
        <time>2026-08-27T10:45:31Z</time>
      </trkpt>
      <trkpt lat="12.977959" lon="77.601126">
        <time>2026-08-27T10:45:32Z</time>
      </trkpt>
      <trkpt lat="12.977941" lon="77.601107">
        <time>2026-08-27T10:45:33Z</time>
      </trkpt>
      <trkpt lat="12.977923" lon="77.601088">
        <time>2026-08-27T10:45:34Z</time>
      </trkpt>
      <trkpt lat="12.977905" lon="77.601070">
        <time>2026-08-27T10:45:35Z</time>
      </trkpt>
      <trkpt lat="12.977887" lon="77.601051">
        <time>2026-08-27T10:45:36Z</time>
      </trkpt>
      <trkpt lat="12.977867" lon="77.601031">
        <time>2026-08-27T10:45:37Z</time>
      </trkpt>
      <trkpt lat="12.977848" lon="77.601011">
        <time>2026-08-27T10:45:38Z</time>
      </trkpt>
      <trkpt lat="12.977828" lon="77.600991">
        <time>2026-08-27T10:45:39Z</time>
      </trkpt>
      <trkpt lat="12.977808" lon="77.600970">
        <time>2026-08-27T10:45:40Z</time>
      </trkpt>
      <trkpt lat="12.977789" lon="77.600951">
        <time>2026-08-27T10:45:41Z</time>
      </trkpt>
      <trkpt lat="12.977769" lon="77.600930">
        <time>2026-08-27T10:45:42Z</time>
      </trkpt>
      <trkpt lat="12.977749" lon="77.600910">
        <time>2026-08-27T10:45:43Z</time>
      </trkpt>
      <trkpt lat="12.977731" lon="77.600891">
        <time>2026-08-27T10:45:44Z</time>
      </trkpt>
      <trkpt lat="12.977710" lon="77.600870">
        <time>2026-08-27T10:45:45Z</time>
      </trkpt>
      <trkpt lat="12.977692" lon="77.600851">
        <time>2026-08-27T10:45:46Z</time>
      </trkpt>
      <trkpt lat="12.977671" lon="77.600830">
        <time>2026-08-27T10:45:47Z</time>
      </trkpt>
      <trkpt lat="12.977651" lon="77.600810">
        <time>2026-08-27T10:45:48Z</time>
      </trkpt>
      <trkpt lat="12.977633" lon="77.600791">
        <time>2026-08-27T10:45:49Z</time>
      </trkpt>
      <trkpt lat="12.977615" lon="77.600772">
        <time>2026-08-27T10:45:50Z</time>
      </trkpt>
      <trkpt lat="12.977595" lon="77.600752">
        <time>2026-08-27T10:45:51Z</time>
      </trkpt>
      <trkpt lat="12.977576" lon="77.600733">
        <time>2026-08-27T10:45:52Z</time>
      </trkpt>
      <trkpt lat="12.977557" lon="77.600713">
        <time>2026-08-27T10:45:53Z</time>
      </trkpt>
      <trkpt lat="12.977537" lon="77.600693">
        <time>2026-08-27T10:45:54Z</time>
      </trkpt>
      <trkpt lat="12.977517" lon="77.600672">
        <time>2026-08-27T10:45:55Z</time>
      </trkpt>
      <trkpt lat="12.977498" lon="77.600652">
        <time>2026-08-27T10:45:56Z</time>
      </trkpt>
      <trkpt lat="12.977479" lon="77.600633">
        <time>2026-08-27T10:45:57Z</time>
      </trkpt>
      <trkpt lat="12.977460" lon="77.600613">
        <time>2026-08-27T10:45:58Z</time>
      </trkpt>
      <trkpt lat="12.977440" lon="77.600593">
        <time>2026-08-27T10:45:59Z</time>
      </trkpt>
      <trkpt lat="12.977421" lon="77.600574">
        <time>2026-08-27T10:46:00Z</time>
      </trkpt>
      <trkpt lat="12.977401" lon="77.600553">
        <time>2026-08-27T10:46:01Z</time>
      </trkpt>
      <trkpt lat="12.977383" lon="77.600534">
        <time>2026-08-27T10:46:02Z</time>
      </trkpt>
      <trkpt lat="12.977363" lon="77.600514">
        <time>2026-08-27T10:46:03Z</time>
      </trkpt>
      <trkpt lat="12.977344" lon="77.600495">
        <time>2026-08-27T10:46:04Z</time>
      </trkpt>
      <trkpt lat="12.977324" lon="77.600474">
        <time>2026-08-27T10:46:05Z</time>
      </trkpt>
      <trkpt lat="12.977304" lon="77.600454">
        <time>2026-08-27T10:46:06Z</time>
      </trkpt>
      <trkpt lat="12.977284" lon="77.600433">
        <time>2026-08-27T10:46:07Z</time>
      </trkpt>
      <trkpt lat="12.977263" lon="77.600412">
        <time>2026-08-27T10:46:08Z</time>
      </trkpt>
      <trkpt lat="12.977245" lon="77.600393">
        <time>2026-08-27T10:46:09Z</time>
      </trkpt>
      <trkpt lat="12.977225" lon="77.600372">
        <time>2026-08-27T10:46:10Z</time>
      </trkpt>
      <trkpt lat="12.977206" lon="77.600353">
        <time>2026-08-27T10:46:11Z</time>
      </trkpt>
      <trkpt lat="12.977185" lon="77.600332">
        <time>2026-08-27T10:46:12Z</time>
      </trkpt>
      <trkpt lat="12.977164" lon="77.600310">
        <time>2026-08-27T10:46:13Z</time>
      </trkpt>
      <trkpt lat="12.977147" lon="77.600292">
        <time>2026-08-27T10:46:14Z</time>
      </trkpt>
      <trkpt lat="12.977128" lon="77.600272">
        <time>2026-08-27T10:46:15Z</time>
      </trkpt>
      <trkpt lat="12.977109" lon="77.600254">
        <time>2026-08-27T10:46:16Z</time>
      </trkpt>
      <trkpt lat="12.977091" lon="77.600235">
        <time>2026-08-27T10:46:17Z</time>
      </trkpt>
      <trkpt lat="12.977070" lon="77.600214">
        <time>2026-08-27T10:46:18Z</time>
      </trkpt>
      <trkpt lat="12.977053" lon="77.600196">
        <time>2026-08-27T10:46:19Z</time>
      </trkpt>
      <trkpt lat="12.977034" lon="77.600176">
        <time>2026-08-27T10:46:20Z</time>
      </trkpt>
      <trkpt lat="12.977015" lon="77.600157">
        <time>2026-08-27T10:46:21Z</time>
      </trkpt>
      <trkpt lat="12.976995" lon="77.600136">
        <time>2026-08-27T10:46:22Z</time>
      </trkpt>
      <trkpt lat="12.976975" lon="77.600116">
        <time>2026-08-27T10:46:23Z</time>
      </trkpt>
      <trkpt lat="12.976955" lon="77.600095">
        <time>2026-08-27T10:46:24Z</time>
      </trkpt>
      <trkpt lat="12.976935" lon="77.600075">
        <time>2026-08-27T10:46:25Z</time>
      </trkpt>
      <trkpt lat="12.976916" lon="77.600055">
        <time>2026-08-27T10:46:26Z</time>
      </trkpt>
      <trkpt lat="12.976896" lon="77.600035">
        <time>2026-08-27T10:46:27Z</time>
      </trkpt>
      <trkpt lat="12.976877" lon="77.600015">
        <time>2026-08-27T10:46:28Z</time>
      </trkpt>
      <trkpt lat="12.976857" lon="77.599995">
        <time>2026-08-27T10:46:29Z</time>
      </trkpt>
      <trkpt lat="12.976837" lon="77.599974">
        <time>2026-08-27T10:46:30Z</time>
      </trkpt>
      <trkpt lat="12.976818" lon="77.599955">
        <time>2026-08-27T10:46:31Z</time>
      </trkpt>
      <trkpt lat="12.976800" lon="77.599936">
        <time>2026-08-27T10:46:32Z</time>
      </trkpt>
      <trkpt lat="12.976780" lon="77.599916">
        <time>2026-08-27T10:46:33Z</time>
      </trkpt>
      <trkpt lat="12.976761" lon="77.599896">
        <time>2026-08-27T10:46:34Z</time>
      </trkpt>
      <trkpt lat="12.976742" lon="77.599877">
        <time>2026-08-27T10:46:35Z</time>
      </trkpt>
      <trkpt lat="12.976723" lon="77.599857">
        <time>2026-08-27T10:46:36Z</time>
      </trkpt>
      <trkpt lat="12.976704" lon="77.599838">
        <time>2026-08-27T10:46:37Z</time>
      </trkpt>
      <trkpt lat="12.976685" lon="77.599818">
        <time>2026-08-27T10:46:38Z</time>
      </trkpt>
      <trkpt lat="12.976665" lon="77.599798">
        <time>2026-08-27T10:46:39Z</time>
      </trkpt>
      <trkpt lat="12.976647" lon="77.599779">
        <time>2026-08-27T10:46:40Z</time>
      </trkpt>
      <trkpt lat="12.976628" lon="77.599760">
        <time>2026-08-27T10:46:41Z</time>
      </trkpt>
      <trkpt lat="12.976610" lon="77.599741">
        <time>2026-08-27T10:46:42Z</time>
      </trkpt>
      <trkpt lat="12.976591" lon="77.599722">
        <time>2026-08-27T10:46:43Z</time>
      </trkpt>
      <trkpt lat="12.976571" lon="77.599701">
        <time>2026-08-27T10:46:44Z</time>
      </trkpt>
      <trkpt lat="12.976551" lon="77.599681">
        <time>2026-08-27T10:46:45Z</time>
      </trkpt>
      <trkpt lat="12.976531" lon="77.599660">
        <time>2026-08-27T10:46:46Z</time>
      </trkpt>
      <trkpt lat="12.976512" lon="77.599641">
        <time>2026-08-27T10:46:47Z</time>
      </trkpt>
      <trkpt lat="12.976494" lon="77.599623">
        <time>2026-08-27T10:46:48Z</time>
      </trkpt>
      <trkpt lat="12.976476" lon="77.599604">
        <time>2026-08-27T10:46:49Z</time>
      </trkpt>
      <trkpt lat="12.976457" lon="77.599585">
        <time>2026-08-27T10:46:50Z</time>
      </trkpt>
      <trkpt lat="12.976440" lon="77.599566">
        <time>2026-08-27T10:46:51Z</time>
      </trkpt>
      <trkpt lat="12.976420" lon="77.599547">
        <time>2026-08-27T10:46:52Z</time>
      </trkpt>
      <trkpt lat="12.976400" lon="77.599526">
        <time>2026-08-27T10:46:53Z</time>
      </trkpt>
      <trkpt lat="12.976381" lon="77.599507">
        <time>2026-08-27T10:46:54Z</time>
      </trkpt>
      <trkpt lat="12.976361" lon="77.599485">
        <time>2026-08-27T10:46:55Z</time>
      </trkpt>
      <trkpt lat="12.976341" lon="77.599465">
        <time>2026-08-27T10:46:56Z</time>
      </trkpt>
      <trkpt lat="12.976321" lon="77.599445">
        <time>2026-08-27T10:46:57Z</time>
      </trkpt>
      <trkpt lat="12.976302" lon="77.599425">
        <time>2026-08-27T10:46:58Z</time>
      </trkpt>
      <trkpt lat="12.976284" lon="77.599406">
        <time>2026-08-27T10:46:59Z</time>
      </trkpt>
      <trkpt lat="12.976266" lon="77.599388">
        <time>2026-08-27T10:47:00Z</time>
      </trkpt>
      <trkpt lat="12.976246" lon="77.599368">
        <time>2026-08-27T10:47:01Z</time>
      </trkpt>
      <trkpt lat="12.976226" lon="77.599348">
        <time>2026-08-27T10:47:02Z</time>
      </trkpt>
      <trkpt lat="12.976208" lon="77.599329">
        <time>2026-08-27T10:47:03Z</time>
      </trkpt>
      <trkpt lat="12.976190" lon="77.599311">
        <time>2026-08-27T10:47:04Z</time>
      </trkpt>
      <trkpt lat="12.976170" lon="77.599290">
        <time>2026-08-27T10:47:05Z</time>
      </trkpt>
      <trkpt lat="12.976150" lon="77.599270">
        <time>2026-08-27T10:47:06Z</time>
      </trkpt>
      <trkpt lat="12.976131" lon="77.599250">
        <time>2026-08-27T10:47:07Z</time>
      </trkpt>
      <trkpt lat="12.976112" lon="77.599230">
        <time>2026-08-27T10:47:08Z</time>
      </trkpt>
      <trkpt lat="12.976093" lon="77.599210">
        <time>2026-08-27T10:47:09Z</time>
      </trkpt>
      <trkpt lat="12.976073" lon="77.599190">
        <time>2026-08-27T10:47:10Z</time>
      </trkpt>
      <trkpt lat="12.976055" lon="77.599172">
        <time>2026-08-27T10:47:11Z</time>
      </trkpt>
      <trkpt lat="12.976037" lon="77.599153">
        <time>2026-08-27T10:47:12Z</time>
      </trkpt>
      <trkpt lat="12.976017" lon="77.599133">
        <time>2026-08-27T10:47:13Z</time>
      </trkpt>
      <trkpt lat="12.975999" lon="77.599115">
        <time>2026-08-27T10:47:14Z</time>
      </trkpt>
      <trkpt lat="12.975979" lon="77.599094">
        <time>2026-08-27T10:47:15Z</time>
      </trkpt>
      <trkpt lat="12.975961" lon="77.599075">
        <time>2026-08-27T10:47:16Z</time>
      </trkpt>
      <trkpt lat="12.975941" lon="77.599055">
        <time>2026-08-27T10:47:17Z</time>
      </trkpt>
      <trkpt lat="12.975923" lon="77.599037">
        <time>2026-08-27T10:47:18Z</time>
      </trkpt>
      <trkpt lat="12.975905" lon="77.599018">
        <time>2026-08-27T10:47:19Z</time>
      </trkpt>
      <trkpt lat="12.975886" lon="77.598999">
        <time>2026-08-27T10:47:20Z</time>
      </trkpt>
      <trkpt lat="12.975866" lon="77.598978">
        <time>2026-08-27T10:47:21Z</time>
      </trkpt>
      <trkpt lat="12.975847" lon="77.598958">
        <time>2026-08-27T10:47:22Z</time>
      </trkpt>
      <trkpt lat="12.975827" lon="77.598938">
        <time>2026-08-27T10:47:23Z</time>
      </trkpt>
      <trkpt lat="12.975807" lon="77.598917">
        <time>2026-08-27T10:47:24Z</time>
      </trkpt>
      <trkpt lat="12.975788" lon="77.598897">
        <time>2026-08-27T10:47:25Z</time>
      </trkpt>
      <trkpt lat="12.975769" lon="77.598878">
        <time>2026-08-27T10:47:26Z</time>
      </trkpt>
      <trkpt lat="12.975749" lon="77.598858">
        <time>2026-08-27T10:47:27Z</time>
      </trkpt>
      <trkpt lat="12.975731" lon="77.598839">
        <time>2026-08-27T10:47:28Z</time>
      </trkpt>
      <trkpt lat="12.975711" lon="77.598819">
        <time>2026-08-27T10:47:29Z</time>
      </trkpt>
      <trkpt lat="12.975692" lon="77.598800">
        <time>2026-08-27T10:47:30Z</time>
      </trkpt>
      <trkpt lat="12.975672" lon="77.598778">
        <time>2026-08-27T10:47:31Z</time>
      </trkpt>
      <trkpt lat="12.975653" lon="77.598759">
        <time>2026-08-27T10:47:32Z</time>
      </trkpt>
      <trkpt lat="12.975633" lon="77.598739">
        <time>2026-08-27T10:47:33Z</time>
      </trkpt>
      <trkpt lat="12.975613" lon="77.598719">
        <time>2026-08-27T10:47:34Z</time>
      </trkpt>
      <trkpt lat="12.975594" lon="77.598699">
        <time>2026-08-27T10:47:35Z</time>
      </trkpt>
      <trkpt lat="12.975574" lon="77.598678">
        <time>2026-08-27T10:47:36Z</time>
      </trkpt>
      <trkpt lat="12.975554" lon="77.598658">
        <time>2026-08-27T10:47:37Z</time>
      </trkpt>
      <trkpt lat="12.975536" lon="77.598639">
        <time>2026-08-27T10:47:38Z</time>
      </trkpt>
      <trkpt lat="12.975517" lon="77.598619">
        <time>2026-08-27T10:47:39Z</time>
      </trkpt>
      <trkpt lat="12.975497" lon="77.598599">
        <time>2026-08-27T10:47:40Z</time>
      </trkpt>
      <trkpt lat="12.975479" lon="77.598581">
        <time>2026-08-27T10:47:41Z</time>
      </trkpt>
      <trkpt lat="12.975460" lon="77.598561">
        <time>2026-08-27T10:47:42Z</time>
      </trkpt>
      <trkpt lat="12.975442" lon="77.598542">
        <time>2026-08-27T10:47:43Z</time>
      </trkpt>
      <trkpt lat="12.975423" lon="77.598523">
        <time>2026-08-27T10:47:44Z</time>
      </trkpt>
      <trkpt lat="12.975405" lon="77.598504">
        <time>2026-08-27T10:47:45Z</time>
      </trkpt>
      <trkpt lat="12.975386" lon="77.598485">
        <time>2026-08-27T10:47:46Z</time>
      </trkpt>
      <trkpt lat="12.975368" lon="77.598467">
        <time>2026-08-27T10:47:47Z</time>
      </trkpt>
      <trkpt lat="12.975349" lon="77.598448">
        <time>2026-08-27T10:47:48Z</time>
      </trkpt>
      <trkpt lat="12.975330" lon="77.598428">
        <time>2026-08-27T10:47:49Z</time>
      </trkpt>
      <trkpt lat="12.975310" lon="77.598407">
        <time>2026-08-27T10:47:50Z</time>
      </trkpt>
      <trkpt lat="12.975291" lon="77.598387">
        <time>2026-08-27T10:47:51Z</time>
      </trkpt>
      <trkpt lat="12.975271" lon="77.598367">
        <time>2026-08-27T10:47:52Z</time>
      </trkpt>
      <trkpt lat="12.975253" lon="77.598349">
        <time>2026-08-27T10:47:53Z</time>
      </trkpt>
      <trkpt lat="12.975235" lon="77.598330">
        <time>2026-08-27T10:47:54Z</time>
      </trkpt>
      <trkpt lat="12.975214" lon="77.598309">
        <time>2026-08-27T10:47:55Z</time>
      </trkpt>
      <trkpt lat="12.975196" lon="77.598290">
        <time>2026-08-27T10:47:56Z</time>
      </trkpt>
      <trkpt lat="12.975176" lon="77.598269">
        <time>2026-08-27T10:47:57Z</time>
      </trkpt>
      <trkpt lat="12.975157" lon="77.598250">
        <time>2026-08-27T10:47:58Z</time>
      </trkpt>
      <trkpt lat="12.975139" lon="77.598231">
        <time>2026-08-27T10:47:59Z</time>
      </trkpt>
      <trkpt lat="12.975118" lon="77.598211">
        <time>2026-08-27T10:48:00Z</time>
      </trkpt>
      <trkpt lat="12.975099" lon="77.598190">
        <time>2026-08-27T10:48:01Z</time>
      </trkpt>
      <trkpt lat="12.975080" lon="77.598171">
        <time>2026-08-27T10:48:02Z</time>
      </trkpt>
      <trkpt lat="12.975060" lon="77.598151">
        <time>2026-08-27T10:48:03Z</time>
      </trkpt>
      <trkpt lat="12.975042" lon="77.598132">
        <time>2026-08-27T10:48:04Z</time>
      </trkpt>
      <trkpt lat="12.975023" lon="77.598112">
        <time>2026-08-27T10:48:05Z</time>
      </trkpt>
      <trkpt lat="12.975002" lon="77.598091">
        <time>2026-08-27T10:48:06Z</time>
      </trkpt>
      <trkpt lat="12.974984" lon="77.598072">
        <time>2026-08-27T10:48:07Z</time>
      </trkpt>
      <trkpt lat="12.974964" lon="77.598052">
        <time>2026-08-27T10:48:08Z</time>
      </trkpt>
      <trkpt lat="12.974945" lon="77.598033">
        <time>2026-08-27T10:48:09Z</time>
      </trkpt>
      <trkpt lat="12.974925" lon="77.598012">
        <time>2026-08-27T10:48:10Z</time>
      </trkpt>
      <trkpt lat="12.974906" lon="77.597993">
        <time>2026-08-27T10:48:11Z</time>
      </trkpt>
      <trkpt lat="12.974887" lon="77.597973">
        <time>2026-08-27T10:48:12Z</time>
      </trkpt>
      <trkpt lat="12.974867" lon="77.597952">
        <time>2026-08-27T10:48:13Z</time>
      </trkpt>
      <trkpt lat="12.974847" lon="77.597933">
        <time>2026-08-27T10:48:14Z</time>
      </trkpt>
      <trkpt lat="12.974828" lon="77.597913">
        <time>2026-08-27T10:48:15Z</time>
      </trkpt>
      <trkpt lat="12.974811" lon="77.597895">
        <time>2026-08-27T10:48:16Z</time>
      </trkpt>
      <trkpt lat="12.974791" lon="77.597875">
        <time>2026-08-27T10:48:17Z</time>
      </trkpt>
      <trkpt lat="12.974773" lon="77.597856">
        <time>2026-08-27T10:48:18Z</time>
      </trkpt>
      <trkpt lat="12.974754" lon="77.597837">
        <time>2026-08-27T10:48:19Z</time>
      </trkpt>
      <trkpt lat="12.974736" lon="77.597819">
        <time>2026-08-27T10:48:20Z</time>
      </trkpt>
      <trkpt lat="12.974718" lon="77.597800">
        <time>2026-08-27T10:48:21Z</time>
      </trkpt>
      <trkpt lat="12.974698" lon="77.597779">
        <time>2026-08-27T10:48:22Z</time>
      </trkpt>
      <trkpt lat="12.974680" lon="77.597761">
        <time>2026-08-27T10:48:23Z</time>
      </trkpt>
      <trkpt lat="12.974661" lon="77.597741">
        <time>2026-08-27T10:48:24Z</time>
      </trkpt>
      <trkpt lat="12.974642" lon="77.597722">
        <time>2026-08-27T10:48:25Z</time>
      </trkpt>
      <trkpt lat="12.974622" lon="77.597701">
        <time>2026-08-27T10:48:26Z</time>
      </trkpt>
      <trkpt lat="12.974602" lon="77.597681">
        <time>2026-08-27T10:48:27Z</time>
      </trkpt>
      <trkpt lat="12.974583" lon="77.597661">
        <time>2026-08-27T10:48:28Z</time>
      </trkpt>
      <trkpt lat="12.974563" lon="77.597640">
        <time>2026-08-27T10:48:29Z</time>
      </trkpt>
      <trkpt lat="12.974542" lon="77.597619">
        <time>2026-08-27T10:48:30Z</time>
      </trkpt>
      <trkpt lat="12.974523" lon="77.597599">
        <time>2026-08-27T10:48:31Z</time>
      </trkpt>
      <trkpt lat="12.974503" lon="77.597579">
        <time>2026-08-27T10:48:32Z</time>
      </trkpt>
      <trkpt lat="12.974484" lon="77.597559">
        <time>2026-08-27T10:48:33Z</time>
      </trkpt>
      <trkpt lat="12.974464" lon="77.597539">
        <time>2026-08-27T10:48:34Z</time>
      </trkpt>
      <trkpt lat="12.974444" lon="77.597518">
        <time>2026-08-27T10:48:35Z</time>
      </trkpt>
      <trkpt lat="12.974423" lon="77.597497">
        <time>2026-08-27T10:48:36Z</time>
      </trkpt>
      <trkpt lat="12.974406" lon="77.597479">
        <time>2026-08-27T10:48:37Z</time>
      </trkpt>
      <trkpt lat="12.974388" lon="77.597461">
        <time>2026-08-27T10:48:38Z</time>
      </trkpt>
      <trkpt lat="12.974368" lon="77.597441">
        <time>2026-08-27T10:48:39Z</time>
      </trkpt>
      <trkpt lat="12.974348" lon="77.597420">
        <time>2026-08-27T10:48:40Z</time>
      </trkpt>
      <trkpt lat="12.974329" lon="77.597400">
        <time>2026-08-27T10:48:41Z</time>
      </trkpt>
      <trkpt lat="12.974311" lon="77.597382">
        <time>2026-08-27T10:48:42Z</time>
      </trkpt>
      <trkpt lat="12.974292" lon="77.597362">
        <time>2026-08-27T10:48:43Z</time>
      </trkpt>
      <trkpt lat="12.974272" lon="77.597342">
        <time>2026-08-27T10:48:44Z</time>
      </trkpt>
      <trkpt lat="12.974254" lon="77.597323">
        <time>2026-08-27T10:48:45Z</time>
      </trkpt>
      <trkpt lat="12.974234" lon="77.597303">
        <time>2026-08-27T10:48:46Z</time>
      </trkpt>
      <trkpt lat="12.974215" lon="77.597284">
        <time>2026-08-27T10:48:47Z</time>
      </trkpt>
      <trkpt lat="12.974196" lon="77.597264">
        <time>2026-08-27T10:48:48Z</time>
      </trkpt>
      <trkpt lat="12.974177" lon="77.597245">
        <time>2026-08-27T10:48:49Z</time>
      </trkpt>
      <trkpt lat="12.974158" lon="77.597225">
        <time>2026-08-27T10:48:50Z</time>
      </trkpt>
      <trkpt lat="12.974138" lon="77.597204">
        <time>2026-08-27T10:48:51Z</time>
      </trkpt>
      <trkpt lat="12.974118" lon="77.597184">
        <time>2026-08-27T10:48:52Z</time>
      </trkpt>
      <trkpt lat="12.974098" lon="77.597164">
        <time>2026-08-27T10:48:53Z</time>
      </trkpt>
      <trkpt lat="12.974081" lon="77.597146">
        <time>2026-08-27T10:48:54Z</time>
      </trkpt>
      <trkpt lat="12.974062" lon="77.597127">
        <time>2026-08-27T10:48:55Z</time>
      </trkpt>
      <trkpt lat="12.974044" lon="77.597108">
        <time>2026-08-27T10:48:56Z</time>
      </trkpt>
      <trkpt lat="12.974026" lon="77.597089">
        <time>2026-08-27T10:48:57Z</time>
      </trkpt>
      <trkpt lat="12.974005" lon="77.597068">
        <time>2026-08-27T10:48:58Z</time>
      </trkpt>
      <trkpt lat="12.973987" lon="77.597050">
        <time>2026-08-27T10:48:59Z</time>
      </trkpt>
      <trkpt lat="12.973967" lon="77.597029">
        <time>2026-08-27T10:49:00Z</time>
      </trkpt>
      <trkpt lat="12.973946" lon="77.597008">
        <time>2026-08-27T10:49:01Z</time>
      </trkpt>
      <trkpt lat="12.973928" lon="77.596989">
        <time>2026-08-27T10:49:02Z</time>
      </trkpt>
      <trkpt lat="12.973908" lon="77.596968">
        <time>2026-08-27T10:49:03Z</time>
      </trkpt>
      <trkpt lat="12.973890" lon="77.596950">
        <time>2026-08-27T10:49:04Z</time>
      </trkpt>
      <trkpt lat="12.973870" lon="77.596930">
        <time>2026-08-27T10:49:05Z</time>
      </trkpt>
      <trkpt lat="12.973852" lon="77.596911">
        <time>2026-08-27T10:49:06Z</time>
      </trkpt>
      <trkpt lat="12.973834" lon="77.596892">
        <time>2026-08-27T10:49:07Z</time>
      </trkpt>
      <trkpt lat="12.973815" lon="77.596873">
        <time>2026-08-27T10:49:08Z</time>
      </trkpt>
      <trkpt lat="12.973797" lon="77.596854">
        <time>2026-08-27T10:49:09Z</time>
      </trkpt>
      <trkpt lat="12.973778" lon="77.596835">
        <time>2026-08-27T10:49:10Z</time>
      </trkpt>
      <trkpt lat="12.973758" lon="77.596814">
        <time>2026-08-27T10:49:11Z</time>
      </trkpt>
      <trkpt lat="12.973739" lon="77.596795">
        <time>2026-08-27T10:49:12Z</time>
      </trkpt>
      <trkpt lat="12.973721" lon="77.596776">
        <time>2026-08-27T10:49:13Z</time>
      </trkpt>
      <trkpt lat="12.973702" lon="77.596758">
        <time>2026-08-27T10:49:14Z</time>
      </trkpt>
      <trkpt lat="12.973684" lon="77.596739">
        <time>2026-08-27T10:49:15Z</time>
      </trkpt>
      <trkpt lat="12.973666" lon="77.596720">
        <time>2026-08-27T10:49:16Z</time>
      </trkpt>
      <trkpt lat="12.973645" lon="77.596699">
        <time>2026-08-27T10:49:17Z</time>
      </trkpt>
      <trkpt lat="12.973627" lon="77.596680">
        <time>2026-08-27T10:49:18Z</time>
      </trkpt>
      <trkpt lat="12.973609" lon="77.596661">
        <time>2026-08-27T10:49:19Z</time>
      </trkpt>
      <trkpt lat="12.973590" lon="77.596642">
        <time>2026-08-27T10:49:20Z</time>
      </trkpt>
      <trkpt lat="12.973570" lon="77.596622">
        <time>2026-08-27T10:49:21Z</time>
      </trkpt>
      <trkpt lat="12.973550" lon="77.596601">
        <time>2026-08-27T10:49:22Z</time>
      </trkpt>
      <trkpt lat="12.973532" lon="77.596583">
        <time>2026-08-27T10:49:23Z</time>
      </trkpt>
      <trkpt lat="12.973512" lon="77.596562">
        <time>2026-08-27T10:49:24Z</time>
      </trkpt>
      <trkpt lat="12.973494" lon="77.596543">
        <time>2026-08-27T10:49:25Z</time>
      </trkpt>
      <trkpt lat="12.973476" lon="77.596525">
        <time>2026-08-27T10:49:26Z</time>
      </trkpt>
      <trkpt lat="12.973456" lon="77.596505">
        <time>2026-08-27T10:49:27Z</time>
      </trkpt>
      <trkpt lat="12.973438" lon="77.596486">
        <time>2026-08-27T10:49:28Z</time>
      </trkpt>
      <trkpt lat="12.973418" lon="77.596466">
        <time>2026-08-27T10:49:29Z</time>
      </trkpt>
      <trkpt lat="12.973398" lon="77.596445">
        <time>2026-08-27T10:49:30Z</time>
      </trkpt>
      <trkpt lat="12.973380" lon="77.596427">
        <time>2026-08-27T10:49:31Z</time>
      </trkpt>
      <trkpt lat="12.973360" lon="77.596406">
        <time>2026-08-27T10:49:32Z</time>
      </trkpt>
      <trkpt lat="12.973341" lon="77.596386">
        <time>2026-08-27T10:49:33Z</time>
      </trkpt>
      <trkpt lat="12.973320" lon="77.596366">
        <time>2026-08-27T10:49:34Z</time>
      </trkpt>
      <trkpt lat="12.973301" lon="77.596346">
        <time>2026-08-27T10:49:35Z</time>
      </trkpt>
      <trkpt lat="12.973281" lon="77.596325">
        <time>2026-08-27T10:49:36Z</time>
      </trkpt>
      <trkpt lat="12.973262" lon="77.596306">
        <time>2026-08-27T10:49:37Z</time>
      </trkpt>
      <trkpt lat="12.973243" lon="77.596286">
        <time>2026-08-27T10:49:38Z</time>
      </trkpt>
      <trkpt lat="12.973225" lon="77.596267">
        <time>2026-08-27T10:49:39Z</time>
      </trkpt>
      <trkpt lat="12.973206" lon="77.596248">
        <time>2026-08-27T10:49:40Z</time>
      </trkpt>
      <trkpt lat="12.973187" lon="77.596228">
        <time>2026-08-27T10:49:41Z</time>
      </trkpt>
      <trkpt lat="12.973166" lon="77.596207">
        <time>2026-08-27T10:49:42Z</time>
      </trkpt>
      <trkpt lat="12.973146" lon="77.596187">
        <time>2026-08-27T10:49:43Z</time>
      </trkpt>
      <trkpt lat="12.973126" lon="77.596166">
        <time>2026-08-27T10:49:44Z</time>
      </trkpt>
      <trkpt lat="12.973106" lon="77.596146">
        <time>2026-08-27T10:49:45Z</time>
      </trkpt>
      <trkpt lat="12.973086" lon="77.596124">
        <time>2026-08-27T10:49:46Z</time>
      </trkpt>
      <trkpt lat="12.973065" lon="77.596103">
        <time>2026-08-27T10:49:47Z</time>
      </trkpt>
      <trkpt lat="12.973044" lon="77.596082">
        <time>2026-08-27T10:49:48Z</time>
      </trkpt>
      <trkpt lat="12.973026" lon="77.596063">
        <time>2026-08-27T10:49:49Z</time>
      </trkpt>
      <trkpt lat="12.973008" lon="77.596045">
        <time>2026-08-27T10:49:50Z</time>
      </trkpt>
      <trkpt lat="12.972988" lon="77.596025">
        <time>2026-08-27T10:49:51Z</time>
      </trkpt>
      <trkpt lat="12.972968" lon="77.596004">
        <time>2026-08-27T10:49:52Z</time>
      </trkpt>
      <trkpt lat="12.972949" lon="77.595984">
        <time>2026-08-27T10:49:53Z</time>
      </trkpt>
      <trkpt lat="12.972929" lon="77.595964">
        <time>2026-08-27T10:49:54Z</time>
      </trkpt>
      <trkpt lat="12.972909" lon="77.595943">
        <time>2026-08-27T10:49:55Z</time>
      </trkpt>
      <trkpt lat="12.972889" lon="77.595922">
        <time>2026-08-27T10:49:56Z</time>
      </trkpt>
      <trkpt lat="12.972870" lon="77.595903">
        <time>2026-08-27T10:49:57Z</time>
      </trkpt>
      <trkpt lat="12.972849" lon="77.595882">
        <time>2026-08-27T10:49:58Z</time>
      </trkpt>
      <trkpt lat="12.972831" lon="77.595863">
        <time>2026-08-27T10:49:59Z</time>
      </trkpt>
      <trkpt lat="12.972812" lon="77.595844">
        <time>2026-08-27T10:50:00Z</time>
      </trkpt>
      <trkpt lat="12.972793" lon="77.595824">
        <time>2026-08-27T10:50:01Z</time>
      </trkpt>
      <trkpt lat="12.972775" lon="77.595806">
        <time>2026-08-27T10:50:02Z</time>
      </trkpt>
      <trkpt lat="12.972754" lon="77.595784">
        <time>2026-08-27T10:50:03Z</time>
      </trkpt>
      <trkpt lat="12.972735" lon="77.595764">
        <time>2026-08-27T10:50:04Z</time>
      </trkpt>
      <trkpt lat="12.972716" lon="77.595745">
        <time>2026-08-27T10:50:05Z</time>
      </trkpt>
      <trkpt lat="12.972695" lon="77.595724">
        <time>2026-08-27T10:50:06Z</time>
      </trkpt>
      <trkpt lat="12.972675" lon="77.595703">
        <time>2026-08-27T10:50:07Z</time>
      </trkpt>
      <trkpt lat="12.972656" lon="77.595683">
        <time>2026-08-27T10:50:08Z</time>
      </trkpt>
      <trkpt lat="12.972636" lon="77.595663">
        <time>2026-08-27T10:50:09Z</time>
      </trkpt>
      <trkpt lat="12.972618" lon="77.595644">
        <time>2026-08-27T10:50:10Z</time>
      </trkpt>
      <trkpt lat="12.972600" lon="77.595626">
        <time>2026-08-27T10:50:11Z</time>
      </trkpt>
      <trkpt lat="12.972581" lon="77.595606">
        <time>2026-08-27T10:50:12Z</time>
      </trkpt>
      <trkpt lat="12.972560" lon="77.595586">
        <time>2026-08-27T10:50:13Z</time>
      </trkpt>
      <trkpt lat="12.972542" lon="77.595566">
        <time>2026-08-27T10:50:14Z</time>
      </trkpt>
      <trkpt lat="12.972524" lon="77.595548">
        <time>2026-08-27T10:50:15Z</time>
      </trkpt>
      <trkpt lat="12.972503" lon="77.595527">
        <time>2026-08-27T10:50:16Z</time>
      </trkpt>
      <trkpt lat="12.972485" lon="77.595508">
        <time>2026-08-27T10:50:17Z</time>
      </trkpt>
      <trkpt lat="12.972464" lon="77.595487">
        <time>2026-08-27T10:50:18Z</time>
      </trkpt>
      <trkpt lat="12.972445" lon="77.595467">
        <time>2026-08-27T10:50:19Z</time>
      </trkpt>
      <trkpt lat="12.972425" lon="77.595447">
        <time>2026-08-27T10:50:20Z</time>
      </trkpt>
      <trkpt lat="12.972404" lon="77.595425">
        <time>2026-08-27T10:50:21Z</time>
      </trkpt>
      <trkpt lat="12.972385" lon="77.595406">
        <time>2026-08-27T10:50:22Z</time>
      </trkpt>
      <trkpt lat="12.972365" lon="77.595385">
        <time>2026-08-27T10:50:23Z</time>
      </trkpt>
      <trkpt lat="12.972347" lon="77.595366">
        <time>2026-08-27T10:50:24Z</time>
      </trkpt>
      <trkpt lat="12.972327" lon="77.595346">
        <time>2026-08-27T10:50:25Z</time>
      </trkpt>
      <trkpt lat="12.972307" lon="77.595326">
        <time>2026-08-27T10:50:26Z</time>
      </trkpt>
      <trkpt lat="12.972288" lon="77.595306">
        <time>2026-08-27T10:50:27Z</time>
      </trkpt>
      <trkpt lat="12.972270" lon="77.595288">
        <time>2026-08-27T10:50:28Z</time>
      </trkpt>
      <trkpt lat="12.972250" lon="77.595268">
        <time>2026-08-27T10:50:29Z</time>
      </trkpt>
      <trkpt lat="12.972231" lon="77.595248">
        <time>2026-08-27T10:50:30Z</time>
      </trkpt>
      <trkpt lat="12.972212" lon="77.595228">
        <time>2026-08-27T10:50:31Z</time>
      </trkpt>
      <trkpt lat="12.972193" lon="77.595209">
        <time>2026-08-27T10:50:32Z</time>
      </trkpt>
      <trkpt lat="12.972175" lon="77.595190">
        <time>2026-08-27T10:50:33Z</time>
      </trkpt>
      <trkpt lat="12.972155" lon="77.595169">
        <time>2026-08-27T10:50:34Z</time>
      </trkpt>
      <trkpt lat="12.972137" lon="77.595151">
        <time>2026-08-27T10:50:35Z</time>
      </trkpt>
      <trkpt lat="12.972119" lon="77.595133">
        <time>2026-08-27T10:50:36Z</time>
      </trkpt>
      <trkpt lat="12.972100" lon="77.595113">
        <time>2026-08-27T10:50:37Z</time>
      </trkpt>
      <trkpt lat="12.972080" lon="77.595093">
        <time>2026-08-27T10:50:38Z</time>
      </trkpt>
      <trkpt lat="12.972063" lon="77.595075">
        <time>2026-08-27T10:50:39Z</time>
      </trkpt>
      <trkpt lat="12.972045" lon="77.595056">
        <time>2026-08-27T10:50:40Z</time>
      </trkpt>
      <trkpt lat="12.972024" lon="77.595035">
        <time>2026-08-27T10:50:41Z</time>
      </trkpt>
      <trkpt lat="12.972006" lon="77.595017">
        <time>2026-08-27T10:50:42Z</time>
      </trkpt>
      <trkpt lat="12.971988" lon="77.594998">
        <time>2026-08-27T10:50:43Z</time>
      </trkpt>
      <trkpt lat="12.971969" lon="77.594979">
        <time>2026-08-27T10:50:44Z</time>
      </trkpt>
      <trkpt lat="12.971951" lon="77.594960">
        <time>2026-08-27T10:50:45Z</time>
      </trkpt>
      <trkpt lat="12.971932" lon="77.594940">
        <time>2026-08-27T10:50:46Z</time>
      </trkpt>
      <trkpt lat="12.971912" lon="77.594920">
        <time>2026-08-27T10:50:47Z</time>
      </trkpt>
      <trkpt lat="12.971892" lon="77.594899">
        <time>2026-08-27T10:50:48Z</time>
      </trkpt>
      <trkpt lat="12.971871" lon="77.594879">
        <time>2026-08-27T10:50:49Z</time>
      </trkpt>
      <trkpt lat="12.971852" lon="77.594858">
        <time>2026-08-27T10:50:50Z</time>
      </trkpt>
      <trkpt lat="12.971832" lon="77.594838">
        <time>2026-08-27T10:50:51Z</time>
      </trkpt>
      <trkpt lat="12.971814" lon="77.594819">
        <time>2026-08-27T10:50:52Z</time>
      </trkpt>
      <trkpt lat="12.971795" lon="77.594800">
        <time>2026-08-27T10:50:53Z</time>
      </trkpt>
      <trkpt lat="12.971775" lon="77.594780">
        <time>2026-08-27T10:50:54Z</time>
      </trkpt>
      <trkpt lat="12.971754" lon="77.594758">
        <time>2026-08-27T10:50:55Z</time>
      </trkpt>
      <trkpt lat="12.971734" lon="77.594738">
        <time>2026-08-27T10:50:56Z</time>
      </trkpt>
      <trkpt lat="12.971716" lon="77.594719">
        <time>2026-08-27T10:50:57Z</time>
      </trkpt>
      <trkpt lat="12.971696" lon="77.594699">
        <time>2026-08-27T10:50:58Z</time>
      </trkpt>
      <trkpt lat="12.971678" lon="77.594680">
        <time>2026-08-27T10:50:59Z</time>
      </trkpt>
      <trkpt lat="12.971658" lon="77.594659">
        <time>2026-08-27T10:51:00Z</time>
      </trkpt>
      <trkpt lat="12.971639" lon="77.594640">
        <time>2026-08-27T10:51:01Z</time>
      </trkpt>
      <trkpt lat="12.971619" lon="77.594620">
        <time>2026-08-27T10:51:02Z</time>
      </trkpt>
    </trkseg>
  </trk>
</gpx>
